ocel_id;ocel_time;ocel_changed_field;Amount of Handling Units;Status;Weight;Current Location
cr5;2023-05-24 07:53:14;;2;empty;Supplier
cr5;2023-05-24 09:30:12;Status;;full
cr5;2023-05-24 09:42:47;Weight;;;360.0
cr6;2023-05-25 11:56:50;;6;empty;Supplier
cr6;2023-05-25 15:23:21;Status;;full
cr7;2023-05-25 16:00:50;;6;empty;Supplier
cr6;2023-05-25 16:34:34;Weight;;;1120.0
cr7;2023-05-25 16:43:20;Status;;full
cr7;2023-05-25 16:57:04;Weight;;;1220.0
cr16;2023-05-29 07:32:14;;6;empty;Supplier
cr12;2023-05-29 07:34:52;;6;empty;Supplier
cr13;2023-05-29 07:52:18;;6;empty;Supplier
cr9;2023-05-29 07:54:57;;6;empty;Supplier
cr12;2023-05-29 13:51:19;Status;;full
cr13;2023-05-29 13:53:18;Status;;full
cr16;2023-05-29 13:59:09;Status;;full
cr9;2023-05-29 14:59:31;Status;;full
cr16;2023-05-29 15:10:48;Weight;;;1210.0
cr12;2023-05-29 15:31:41;Weight;;;1230.0
cr13;2023-05-29 15:35:10;Weight;;;1210.0
cr9;2023-05-29 16:46:15;Weight;;;1180.0
cr18;2023-05-29 17:32:39;;2;empty;Supplier
cr14;2023-05-30 07:53:46;;6;empty;Supplier
cr18;2023-05-30 07:59:01;Status;;full
cr18;2023-05-30 09:18:27;Weight;;;380.0
cr10;2023-05-30 09:24:31;;6;empty;Supplier
cr14;2023-05-30 09:40:38;Status;;full
cr14;2023-05-30 09:54:03;Weight;;;1190.0
cr10;2023-05-30 11:19:41;Status;;full
cr10;2023-05-30 11:32:07;Weight;;;1260.0
cr29;2023-05-30 13:21:49;;6;empty;Supplier
cr30;2023-05-30 13:28:26;;5;empty;Supplier
cr29;2023-05-30 15:07:45;Status;;full
cr30;2023-05-30 15:09:21;Status;;full
cr30;2023-05-30 15:23:47;Weight;;;940.0
cr29;2023-05-30 15:52:34;Weight;;;1250.0
cr19;2023-05-31 07:20:03;;6;empty;Supplier
cr4;2023-05-31 07:36:54;;6;empty;Supplier
cr19;2023-05-31 09:57:39;Status;;full
cr4;2023-05-31 10:11:41;Status;;full
cr4;2023-05-31 10:54:20;Weight;;;1100.0
cr19;2023-05-31 11:09:16;Weight;;;1230.0
cr41;2023-05-31 15:18:37;;4;empty;Supplier
cr43;2023-05-31 16:27:42;;6;empty;Supplier
cr41;2023-05-31 17:24:34;Status;;full
cr41;2023-05-31 19:42:58;Weight;;;740.0
cr11;2023-06-01 07:43:43;;6;empty;Supplier
cr43;2023-06-01 07:47:31;Status;;full
cr2;2023-06-01 08:07:13;;6;empty;Supplier
cr35;2023-06-01 08:18:38;;6;empty;Supplier
cr11;2023-06-01 09:47:36;Status;;full
cr2;2023-06-01 09:51:15;Status;;full
cr43;2023-06-01 09:57:05;Weight;;;1180.0
cr2;2023-06-01 10:55:07;Weight;;;1140.0
cr11;2023-06-01 11:01:08;Weight;;;1160.0
cr20;2023-06-01 11:38:19;;1;empty;Supplier
cr35;2023-06-01 13:18:22;Status;;full
cr35;2023-06-01 13:32:27;Weight;;;1140.0
cr1;2023-06-01 13:32:41;;6;empty;Supplier
cr20;2023-06-01 14:00:10;Status;;full
cr20;2023-06-01 14:11:03;Weight;;;180.0
cr1;2023-06-01 15:38:55;Status;;full
cr34;2023-06-01 16:22:11;;3;empty;Supplier
cr1;2023-06-01 17:07:01;Weight;;;1190.0
cr3;2023-06-02 07:49:34;;6;empty;Supplier
cr28;2023-06-02 08:09:13;;6;empty;Supplier
cr34;2023-06-02 08:30:55;Status;;full
cr3;2023-06-02 09:44:41;Status;;full
cr34;2023-06-02 09:58:13;Weight;;;610.0
cr28;2023-06-02 10:11:45;Status;;full
cr45;2023-06-02 10:14:52;;6;empty;Supplier
cr45;2023-06-02 10:54:54;Status;;full
cr3;2023-06-02 10:57:27;Weight;;;1140.0
cr28;2023-06-02 11:19:10;Weight;;;1180.0
cr45;2023-06-02 13:43:27;Weight;;;1230.0
cr48;2023-06-02 13:54:46;;6;empty;Supplier
cr48;2023-06-02 16:09:53;Status;;full
cr48;2023-06-02 16:26:42;Weight;;;1210.0
cr33;2023-06-05 07:04:54;;6;empty;Supplier
cr51;2023-06-05 07:25:20;;6;empty;Supplier
cr47;2023-06-05 07:25:40;;6;empty;Supplier
cr52;2023-06-05 07:39:35;;6;empty;Supplier
cr53;2023-06-05 07:40:39;;4;empty;Supplier
cr27;2023-06-05 08:28:58;;3;empty;Supplier
cr53;2023-06-05 11:26:07;Status;;full
cr53;2023-06-05 11:38:24;Weight;;;830.0
cr25;2023-06-05 11:46:54;;6;empty;Supplier
cr27;2023-06-05 11:56:54;Status;;full
cr47;2023-06-05 11:59:29;Status;;full
cr27;2023-06-05 14:08:34;Weight;;;610.0
cr49;2023-06-05 14:12:36;;6;empty;Supplier
cr50;2023-06-05 14:58:54;;6;empty;Supplier
cr47;2023-06-05 14:59:04;Weight;;;1280.0
cr52;2023-06-05 15:00:42;Status;;full
cr52;2023-06-05 15:13:48;Weight;;;1140.0
cr15;2023-06-05 15:18:56;;6;empty;Supplier
cr33;2023-06-05 15:27:54;Status;;full
cr33;2023-06-05 16:46:03;Weight;;;1160.0
cr24;2023-06-05 16:50:41;;6;empty;Supplier
cr50;2023-06-06 08:31:21;Status;;full
cr51;2023-06-06 08:50:43;Status;;full
cr38;2023-06-06 09:52:11;;6;empty;Supplier
cr50;2023-06-06 09:53:06;Weight;;;1240.0
cr24;2023-06-06 09:55:50;Status;;full
cr51;2023-06-06 09:59:37;Weight;;;1180.0
cr61;2023-06-06 10:56:53;;6;empty;Supplier
cr15;2023-06-06 10:59:57;Status;;full
cr49;2023-06-06 11:10:44;Status;;full
cr49;2023-06-06 11:23:07;Weight;;;1190.0
cr38;2023-06-06 11:32:33;Status;;full
cr46;2023-06-06 11:33:37;;6;empty;Supplier
cr24;2023-06-06 11:34:24;Weight;;;1210.0
cr36;2023-06-06 11:35:31;;1;empty;Supplier
cr38;2023-06-06 11:43:26;Weight;;;1190.0
cr37;2023-06-06 11:50:56;;6;empty;Supplier
cr15;2023-06-06 13:14:27;Weight;;;1100.0
cr42;2023-06-06 13:24:30;;6;empty;Supplier
cr46;2023-06-06 14:04:58;Status;;full
cr25;2023-06-06 14:18:36;Status;;full
cr61;2023-06-06 14:28:19;Status;;full
cr25;2023-06-06 14:31:02;Weight;;;1170.0
cr21;2023-06-06 14:33:57;;6;empty;Supplier
cr37;2023-06-06 14:38:42;Status;;full
cr42;2023-06-06 14:38:48;Status;;full
cr61;2023-06-06 14:40:36;Weight;;;1280.0
cr44;2023-06-06 14:41:15;;1;empty;Supplier
cr36;2023-06-06 14:42:51;Status;;full
cr46;2023-06-06 14:47:05;Weight;;;1160.0
cr57;2023-06-06 14:49:31;;6;empty;Supplier
cr37;2023-06-06 14:50:12;Weight;;;1220.0
cr17;2023-06-06 14:53:06;;6;empty;Supplier
cr42;2023-06-06 14:53:45;Weight;;;1210.0
cr36;2023-06-06 14:56:53;Weight;;;250.0
cr44;2023-06-06 15:43:08;Status;;full
cr44;2023-06-06 15:55:05;Weight;;;200.0
cr21;2023-06-06 16:32:02;Status;;full
cr17;2023-06-06 16:43:28;Status;;full
cr17;2023-06-06 16:57:57;Weight;;;1120.0
cr57;2023-06-06 17:26:33;Status;;full
cr21;2023-06-06 18:57:02;Weight;;;1260.0
cr59;2023-06-07 07:45:22;;6;empty;Supplier
cr32;2023-06-07 08:05:24;;6;empty;Supplier
cr57;2023-06-07 08:19:15;Weight;;;1170.0
cr32;2023-06-07 09:57:46;Status;;full
cr59;2023-06-07 11:01:52;Status;;full
cr32;2023-06-07 11:40:18;Weight;;;1170.0
cr59;2023-06-07 11:42:52;Weight;;;1260.0
cr56;2023-06-07 17:31:46;;6;empty;Supplier
cr55;2023-06-08 07:36:44;;6;empty;Supplier
cr56;2023-06-08 09:45:04;Status;;full
cr56;2023-06-08 09:57:53;Weight;;;1170.0
cr39;2023-06-08 10:56:53;;6;empty;Supplier
cr55;2023-06-08 12:01:50;Status;;full
cr55;2023-06-08 13:15:46;Weight;;;1190.0
cr39;2023-06-08 13:33:50;Status;;full
cr39;2023-06-08 14:54:15;Weight;;;1120.0
cr69;2023-06-09 07:19:50;;6;empty;Supplier
cr58;2023-06-09 07:21:43;;6;empty;Supplier
cr54;2023-06-09 07:38:23;;6;empty;Supplier
cr67;2023-06-09 07:49:14;;6;empty;Supplier
cr68;2023-06-09 08:06:44;;6;empty;Supplier
cr22;2023-06-09 14:05:19;;6;empty;Supplier
cr54;2023-06-09 19:11:53;Status;;full
cr54;2023-06-12 07:36:25;Weight;;;1160.0
cr69;2023-06-12 07:36:54;Status;;full
cr66;2023-06-12 07:55:38;;6;empty;Supplier
cr68;2023-06-12 07:59:18;Status;;full
cr69;2023-06-12 09:02:08;Weight;;;1160.0
cr65;2023-06-12 09:14:50;;4;empty;Supplier
cr22;2023-06-12 09:18:52;Status;;full
cr22;2023-06-12 09:32:47;Weight;;;1260.0
cr68;2023-06-12 09:33:49;Weight;;;1160.0
cr75;2023-06-12 09:39:13;;6;empty;Supplier
cr63;2023-06-12 09:40:55;;4;empty;Supplier
cr65;2023-06-12 14:02:25;Status;;full
cr67;2023-06-12 14:07:26;Status;;full
cr75;2023-06-12 14:15:53;Status;;full
cr65;2023-06-12 14:16:16;Weight;;;780.0
cr58;2023-06-12 14:19:25;Status;;full
cr63;2023-06-12 14:20:13;Status;;full
cr40;2023-06-12 14:29:47;;6;empty;Supplier
cr63;2023-06-12 14:33:33;Weight;;;810.0
cr60;2023-06-12 14:33:39;;3;empty;Supplier
cr75;2023-06-12 14:34:05;Weight;;;1250.0
cr76;2023-06-12 14:37:59;;3;empty;Supplier
cr67;2023-06-12 14:58:42;Weight;;;1120.0
cr58;2023-06-12 15:26:55;Weight;;;1160.0
cr71;2023-06-12 15:30:03;;6;empty;Supplier
cr62;2023-06-12 15:57:01;;6;empty;Supplier
cr60;2023-06-12 16:09:37;Status;;full
cr60;2023-06-12 16:25:16;Weight;;;600.0
cr66;2023-06-12 16:26:08;Status;;full
cr70;2023-06-12 16:32:53;;3;empty;Supplier
cr40;2023-06-12 16:33:45;Status;;full
cr66;2023-06-12 16:42:17;Weight;;;1140.0
cr26;2023-06-12 16:48:26;;6;empty;Supplier
cr40;2023-06-12 16:54:59;Weight;;;1140.0
cr23;2023-06-12 16:59:42;;6;empty;Supplier
cr76;2023-06-12 19:14:26;Status;;full
cr70;2023-06-13 07:24:20;Status;;full
cr71;2023-06-13 07:34:51;Status;;full
cr76;2023-06-13 07:39:03;Weight;;;630.0
cr8;2023-06-13 07:43:59;;6;empty;Supplier
cr70;2023-06-13 07:51:26;Weight;;;580.0
cr73;2023-06-13 08:54:28;;6;empty;Supplier
cr71;2023-06-13 09:31:06;Weight;;;1230.0
cr87;2023-06-13 09:34:02;;1;empty;Supplier
cr23;2023-06-13 09:37:47;Status;;full
cr26;2023-06-13 09:42:13;Status;;full
cr62;2023-06-13 09:44:16;Status;;full
cr23;2023-06-13 09:48:35;Weight;;;1120.0
cr26;2023-06-13 09:54:11;Weight;;;1230.0
cr84;2023-06-13 09:54:45;;1;empty;Supplier
cr87;2023-06-13 09:54:50;Status;;full
cr62;2023-06-13 09:58:28;Weight;;;1160.0
cr84;2023-06-13 11:13:20;Status;;full
cr84;2023-06-13 11:24:19;Weight;;;200.0
cr73;2023-06-13 11:24:28;Status;;full
cr73;2023-06-13 11:36:09;Weight;;;1120.0
cr87;2023-06-13 13:05:07;Weight;;;180.0
cr8;2023-06-13 13:08:09;Status;;full
cr8;2023-06-13 13:21:52;Weight;;;1330.0
cr82;2023-06-13 13:45:31;;6;empty;Supplier
cr81;2023-06-13 14:54:15;;6;empty;Supplier
cr82;2023-06-13 16:16:38;Status;;full
cr98;2023-06-13 17:28:10;;6;empty;Supplier
cr99;2023-06-13 17:29:12;;2;empty;Supplier
cr96;2023-06-13 17:35:42;;6;empty;Supplier
cr82;2023-06-13 17:40:06;Weight;;;1160.0
cr81;2023-06-13 17:46:37;Status;;full
cr80;2023-06-14 07:15:35;;5;empty;Supplier
cr97;2023-06-14 07:26:09;;6;empty;Supplier
cr81;2023-06-14 07:49:28;Weight;;;1120.0
cr99;2023-06-14 07:53:36;Status;;full
cr74;2023-06-14 07:54:07;;2;empty;Supplier
cr99;2023-06-14 10:02:26;Weight;;;450.0
cr74;2023-06-14 11:25:38;Status;;full
cr97;2023-06-14 11:27:09;Status;;full
cr96;2023-06-14 11:34:30;Status;;full
cr98;2023-06-14 11:38:12;Status;;full
cr74;2023-06-14 11:40:02;Weight;;;400.0
cr96;2023-06-14 11:45:37;Weight;;;1230.0
cr80;2023-06-14 11:49:39;Status;;full
cr98;2023-06-14 11:50:24;Weight;;;1140.0
cr91;2023-06-14 11:54:33;;6;empty;Supplier
cr97;2023-06-14 13:41:10;Weight;;;1180.0
cr80;2023-06-14 14:00:24;Weight;;;1080.0
cr91;2023-06-14 14:25:06;Status;;full
cr91;2023-06-14 14:37:42;Weight;;;1120.0
cr78;2023-06-16 08:09:37;;6;empty;Supplier
cr108;2023-06-16 08:09:40;;4;empty;Supplier
cr94;2023-06-16 09:09:52;;6;empty;Supplier
cr94;2023-06-16 09:48:07;Status;;full
cr78;2023-06-16 10:13:22;Status;;full
cr107;2023-06-16 10:20:39;;6;empty;Supplier
cr78;2023-06-16 10:26:56;Weight;;;1210.0
cr108;2023-06-16 10:29:08;Status;;full
cr108;2023-06-16 10:42:26;Weight;;;850.0
cr94;2023-06-16 10:49:40;Weight;;;1260.0
cr107;2023-06-16 10:59:17;Status;;full
cr107;2023-06-16 13:49:43;Weight;;;1120.0
cr104;2023-06-16 14:36:40;;3;empty;Supplier
cr104;2023-06-16 15:48:59;Status;;full
cr104;2023-06-16 17:49:04;Weight;;;580.0
cr113;2023-06-19 07:10:57;;6;empty;Supplier
cr83;2023-06-19 07:23:38;;6;empty;Supplier
cr110;2023-06-19 07:36:51;;5;empty;Supplier
cr31;2023-06-19 08:03:30;;6;empty;Supplier
cr111;2023-06-19 08:09:54;;6;empty;Supplier
cr79;2023-06-19 08:17:54;;6;empty;Supplier
cr111;2023-06-19 13:59:50;Status;;full
cr110;2023-06-19 14:31:09;Status;;full
cr113;2023-06-19 14:32:46;Status;;full
cr31;2023-06-19 14:35:51;Status;;full
cr83;2023-06-19 14:35:59;Status;;full
cr79;2023-06-19 14:42:33;Status;;full
cr31;2023-06-19 14:48:50;Weight;;;1310.0
cr83;2023-06-19 14:52:05;Weight;;;1180.0
cr114;2023-06-19 14:55:56;;3;empty;Supplier
cr111;2023-06-19 15:13:35;Weight;;;1170.0
cr109;2023-06-19 15:18:51;;6;empty;Supplier
cr110;2023-06-19 15:47:29;Weight;;;1030.0
cr85;2023-06-19 15:50:21;;6;empty;Supplier
cr72;2023-06-19 15:51:04;;6;empty;Supplier
cr113;2023-06-19 15:53:49;Weight;;;1160.0
cr79;2023-06-19 16:11:52;Weight;;;1210.0
cr118;2023-06-19 16:15:49;;3;empty;Supplier
cr106;2023-06-19 16:52:12;;6;empty;Supplier
cr85;2023-06-19 17:53:17;Status;;full
cr118;2023-06-20 08:05:18;Status;;full
cr72;2023-06-20 08:19:08;Status;;full
cr109;2023-06-20 08:31:48;Status;;full
cr114;2023-06-20 08:36:47;Status;;full
cr72;2023-06-20 08:42:19;Weight;;;1280.0
cr101;2023-06-20 08:52:32;;6;empty;Supplier
cr109;2023-06-20 08:56:06;Weight;;;1180.0
cr77;2023-06-20 08:59:19;;6;empty;Supplier
cr106;2023-06-20 09:08:36;Status;;full
cr114;2023-06-20 09:57:47;Weight;;;580.0
cr85;2023-06-20 09:58:08;Weight;;;1120.0
cr118;2023-06-20 10:03:55;Weight;;;580.0
cr106;2023-06-20 10:05:57;Weight;;;1230.0
cr103;2023-06-20 10:06:56;;6;empty;Supplier
cr101;2023-06-20 14:34:07;Status;;full
cr77;2023-06-20 14:40:54;Status;;full
cr103;2023-06-20 14:50:09;Status;;full
cr77;2023-06-20 14:52:04;Weight;;;1140.0
cr103;2023-06-20 15:05:22;Weight;;;1160.0
cr101;2023-06-20 15:51:23;Weight;;;1180.0
cr124;2023-06-20 17:56:50;;1;empty;Supplier
cr100;2023-06-21 07:30:55;;6;empty;Supplier
cr124;2023-06-21 08:24:38;Status;;full
cr123;2023-06-21 08:40:49;;6;empty;Supplier
cr100;2023-06-21 08:59:55;Status;;full
cr95;2023-06-21 09:22:00;;6;empty;Supplier
cr124;2023-06-21 09:48:07;Weight;;;200.0
cr95;2023-06-21 09:59:33;Status;;full
cr100;2023-06-21 10:10:58;Weight;;;1230.0
cr95;2023-06-21 11:41:53;Weight;;;1190.0
cr123;2023-06-21 12:02:15;Status;;full
cr127;2023-06-21 13:58:38;;2;empty;Supplier
cr123;2023-06-21 13:59:32;Weight;;;1140.0
cr127;2023-06-21 15:23:33;Status;;full
cr127;2023-06-21 15:37:53;Weight;;;380.0
cr126;2023-06-22 07:29:51;;6;empty;Supplier
cr102;2023-06-22 07:48:24;;6;empty;Supplier
cr89;2023-06-22 08:03:44;;6;empty;Supplier
cr86;2023-06-22 08:18:54;;6;empty;Supplier
cr133;2023-06-22 10:54:19;;2;empty;Supplier
cr86;2023-06-22 13:25:29;Status;;full
cr102;2023-06-22 13:31:40;Status;;full
cr126;2023-06-22 13:34:47;Status;;full
cr133;2023-06-22 13:36:32;Status;;full
cr89;2023-06-22 13:37:33;Status;;full
cr86;2023-06-22 13:38:50;Weight;;;1160.0
cr102;2023-06-22 13:45:52;Weight;;;1280.0
cr133;2023-06-22 13:52:12;Weight;;;400.0
cr89;2023-06-22 13:53:10;Weight;;;1230.0
cr130;2023-06-22 14:26:58;;3;empty;Supplier
cr130;2023-06-22 14:51:07;Status;;full
cr126;2023-06-22 14:55:57;Weight;;;1160.0
cr130;2023-06-22 15:56:43;Weight;;;540.0
cr116;2023-06-23 07:23:57;;6;empty;Supplier
cr112;2023-06-23 07:30:24;;6;empty;Supplier
cr64;2023-06-23 08:53:24;;6;empty;Supplier
cr112;2023-06-23 10:24:08;Status;;full
cr112;2023-06-23 10:42:51;Weight;;;1100.0
cr116;2023-06-23 11:05:31;Status;;full
cr115;2023-06-23 11:17:20;;6;empty;Supplier
cr116;2023-06-23 11:20:28;Weight;;;1260.0
cr64;2023-06-23 11:43:17;Status;;full
cr64;2023-06-23 11:58:52;Weight;;;1170.0
cr115;2023-06-23 11:59:05;Status;;full
cr128;2023-06-23 13:38:42;;6;empty;Supplier
cr115;2023-06-23 14:15:03;Weight;;;1250.0
cr128;2023-06-23 16:04:39;Status;;full
cr128;2023-06-23 16:22:36;Weight;;;1140.0
cr88;2023-06-26 07:28:59;;6;empty;Supplier
cr119;2023-06-26 07:35:40;;6;empty;Supplier
cr125;2023-06-26 07:40:54;;6;empty;Supplier
cr121;2023-06-26 07:58:26;;2;empty;Supplier
cr139;2023-06-26 07:58:26;;2;empty;Supplier
cr120;2023-06-26 08:17:10;;6;empty;Supplier
cr139;2023-06-26 10:08:51;Status;;full
cr88;2023-06-26 10:44:03;Status;;full
cr121;2023-06-26 10:54:46;Status;;full
cr120;2023-06-26 10:55:02;Status;;full
cr139;2023-06-26 10:55:49;Weight;;;380.0
cr125;2023-06-26 11:57:38;Status;;full
cr122;2023-06-26 11:59:38;;6;empty;Supplier
cr121;2023-06-26 13:02:39;Weight;;;380.0
cr120;2023-06-26 13:03:40;Weight;;;1140.0
cr131;2023-06-26 13:08:58;;6;empty;Supplier
cr132;2023-06-26 13:11:33;;6;empty;Supplier
cr88;2023-06-26 13:14:08;Weight;;;1260.0
cr142;2023-06-26 13:18:42;;6;empty;Supplier
cr119;2023-06-26 14:09:39;Status;;full
cr125;2023-06-26 14:53:15;Weight;;;1200.0
cr119;2023-06-26 14:55:35;Weight;;;1190.0
cr131;2023-06-26 14:58:51;Status;;full
cr138;2023-06-26 15:56:31;;6;empty;Supplier
cr141;2023-06-26 16:02:50;;6;empty;Supplier
cr131;2023-06-26 16:42:50;Weight;;;1120.0
cr148;2023-06-26 17:46:17;;6;empty;Supplier
cr122;2023-06-27 07:47:00;Status;;full
cr132;2023-06-27 09:08:25;Status;;full
cr138;2023-06-27 09:10:49;Status;;full
cr148;2023-06-27 09:19:47;Status;;full
cr141;2023-06-27 09:20:30;Status;;full
cr138;2023-06-27 09:21:39;Weight;;;1140.0
cr132;2023-06-27 09:22:41;Weight;;;1210.0
cr105;2023-06-27 09:26:21;;6;empty;Supplier
cr143;2023-06-27 09:29:59;;1;empty;Supplier
cr143;2023-06-27 09:52:50;Status;;full
cr122;2023-06-27 09:55:06;Weight;;;1170.0
cr142;2023-06-27 09:57:14;Status;;full
cr90;2023-06-27 10:02:43;;6;empty;Supplier
cr141;2023-06-27 10:21:55;Weight;;;1100.0
cr137;2023-06-27 10:30:32;;3;empty;Supplier
cr90;2023-06-27 10:35:47;Status;;full
cr90;2023-06-27 10:51:11;Weight;;;1210.0
cr150;2023-06-27 10:56:25;;6;empty;Supplier
cr143;2023-06-27 10:59:50;Weight;;;180.0
cr148;2023-06-27 11:00:20;Weight;;;1210.0
cr105;2023-06-27 11:02:56;Status;;full
cr135;2023-06-27 11:03:48;;6;empty;Supplier
cr142;2023-06-27 11:07:50;Weight;;;1250.0
cr151;2023-06-27 11:08:12;;5;empty;Supplier
cr105;2023-06-27 11:18:08;Weight;;;1180.0
cr149;2023-06-27 11:21:13;;6;empty;Supplier
cr147;2023-06-27 13:02:21;;6;empty;Supplier
cr147;2023-06-27 14:19:22;Status;;full
cr135;2023-06-27 14:27:22;Status;;full
cr150;2023-06-27 14:30:06;Status;;full
cr147;2023-06-27 14:30:41;Weight;;;1200.0
cr151;2023-06-27 14:31:08;Status;;full
cr137;2023-06-27 14:32:14;Status;;full
cr93;2023-06-27 14:42:13;;6;empty;Supplier
cr151;2023-06-27 14:42:27;Weight;;;960.0
cr150;2023-06-27 14:43:30;Weight;;;1250.0
cr134;2023-06-27 14:48:52;;6;empty;Supplier
cr149;2023-06-27 15:01:47;Status;;full
cr149;2023-06-27 15:12:31;Weight;;;1140.0
cr135;2023-06-27 15:35:33;Weight;;;1260.0
cr137;2023-06-27 15:45:53;Weight;;;630.0
cr93;2023-06-27 15:59:57;Status;;full
cr134;2023-06-27 17:18:24;Status;;full
cr93;2023-06-27 17:24:48;Weight;;;1190.0
cr134;2023-06-27 17:53:09;Weight;;;1260.0
cr159;2023-06-28 07:27:57;;6;empty;Supplier
cr145;2023-06-28 07:29:35;;6;empty;Supplier
cr92;2023-06-28 07:38:00;;6;empty;Supplier
cr146;2023-06-28 07:38:49;;6;empty;Supplier
cr145;2023-06-28 10:49:52;Status;;full
cr159;2023-06-28 10:54:12;Status;;full
cr146;2023-06-28 10:59:07;Status;;full
cr161;2023-06-28 11:49:31;;6;empty;Supplier
cr92;2023-06-28 13:03:30;Status;;full
cr145;2023-06-28 13:22:55;Weight;;;1140.0
cr146;2023-06-28 13:39:52;Weight;;;1210.0
cr92;2023-06-28 13:57:15;Weight;;;1260.0
cr159;2023-06-28 13:59:47;Weight;;;1210.0
cr161;2023-06-28 15:17:49;Status;;full
cr161;2023-06-28 15:32:54;Weight;;;1260.0
cr136;2023-06-28 16:23:10;;6;empty;Supplier
cr136;2023-06-28 19:20:14;Status;;full
cr136;2023-06-29 08:58:26;Weight;;;1140.0
cr153;2023-06-30 07:31:24;;4;empty;Supplier
cr154;2023-06-30 08:10:17;;6;empty;Supplier
cr154;2023-06-30 09:25:36;Status;;full
cr153;2023-06-30 09:27:53;Status;;full
cr154;2023-06-30 09:38:41;Weight;;;1260.0
cr153;2023-06-30 09:45:26;Weight;;;760.0
cr129;2023-06-30 10:28:35;;6;empty;Supplier
cr129;2023-06-30 13:13:31;Status;;full
cr129;2023-06-30 13:32:21;Weight;;;1160.0
cr140;2023-06-30 14:23:29;;6;empty;Supplier
cr140;2023-06-30 16:36:07;Status;;full
cr140;2023-06-30 16:56:27;Weight;;;1200.0
cr144;2023-07-03 07:45:39;;6;empty;Supplier
cr157;2023-07-03 07:53:20;;6;empty;Supplier
cr162;2023-07-03 08:00:38;;6;empty;Supplier
cr117;2023-07-03 08:10:24;;6;empty;Supplier
cr168;2023-07-03 08:19:01;;6;empty;Supplier
cr167;2023-07-03 08:28:34;;6;empty;Supplier
cr167;2023-07-03 14:58:38;Status;;full
cr144;2023-07-03 15:35:21;Status;;full
cr157;2023-07-03 15:45:11;Status;;full
cr144;2023-07-03 15:53:48;Weight;;;1260.0
cr117;2023-07-03 15:59:23;Status;;full
cr163;2023-07-03 15:59:27;;6;empty;Supplier
cr167;2023-07-03 16:14:50;Weight;;;1140.0
cr152;2023-07-03 16:20:04;;6;empty;Supplier
cr157;2023-07-03 16:50:02;Weight;;;1250.0
cr117;2023-07-03 17:36:16;Weight;;;1210.0
cr158;2023-07-03 18:06:22;;6;empty;Supplier
cr173;2023-07-04 07:37:19;;6;empty;Supplier
cr168;2023-07-04 07:54:37;Status;;full
cr162;2023-07-04 08:54:22;Status;;full
cr162;2023-07-04 10:09:44;Weight;;;1170.0
cr168;2023-07-04 10:24:49;Weight;;;1170.0
cr182;2023-07-04 10:25:41;;6;empty;Supplier
cr171;2023-07-04 10:31:46;;5;empty;Supplier
cr152;2023-07-04 14:18:59;Status;;full
cr163;2023-07-04 14:25:35;Status;;full
cr171;2023-07-04 14:26:25;Status;;full
cr158;2023-07-04 14:38:50;Status;;full
cr173;2023-07-04 14:40:57;Status;;full
cr182;2023-07-04 14:42:10;Status;;full
cr171;2023-07-04 14:43:25;Weight;;;940.0
cr166;2023-07-04 14:54:34;;6;empty;Supplier
cr182;2023-07-04 14:58:33;Weight;;;1210.0
cr152;2023-07-04 15:36:54;Weight;;;1160.0
cr185;2023-07-04 15:48:40;;5;empty;Supplier
cr163;2023-07-04 15:49:58;Weight;;;1140.0
cr183;2023-07-04 15:57:11;;3;empty;Supplier
cr170;2023-07-04 15:59:18;;6;empty;Supplier
cr158;2023-07-04 16:22:10;Weight;;;1280.0
cr184;2023-07-04 16:22:43;;6;empty;Supplier
cr173;2023-07-04 16:24:35;Weight;;;1210.0
cr178;2023-07-05 07:31:39;;6;empty;Supplier
cr183;2023-07-05 13:09:46;Status;;full
cr166;2023-07-05 13:38:50;Status;;full
cr184;2023-07-05 13:53:39;Status;;full
cr183;2023-07-05 14:29:39;Weight;;;600.0
cr165;2023-07-05 14:43:53;;5;empty;Supplier
cr184;2023-07-05 15:05:32;Weight;;;1140.0
cr170;2023-07-05 15:10:44;Status;;full
cr178;2023-07-05 15:20:22;Status;;full
cr166;2023-07-05 15:20:46;Weight;;;1170.0
cr185;2023-07-05 15:29:34;Status;;full
cr185;2023-07-05 15:44:53;Weight;;;990.0
cr170;2023-07-05 16:22:36;Weight;;;1140.0
cr178;2023-07-05 16:47:56;Weight;;;1180.0
cr165;2023-07-05 17:20:33;Status;;full
cr193;2023-07-06 07:23:37;;1;empty;Supplier
cr194;2023-07-06 07:27:19;;6;empty;Supplier
cr195;2023-07-06 07:35:11;;6;empty;Supplier
cr175;2023-07-06 07:47:12;;6;empty;Supplier
cr165;2023-07-06 07:50:37;Weight;;;920.0
cr181;2023-07-06 08:02:36;;5;empty;Supplier
cr187;2023-07-06 08:04:41;;4;empty;Supplier
cr193;2023-07-06 10:39:15;Status;;full
cr187;2023-07-06 10:49:19;Status;;full
cr193;2023-07-06 10:59:06;Weight;;;250.0
cr187;2023-07-06 11:58:42;Weight;;;780.0
cr175;2023-07-06 13:06:55;Status;;full
cr181;2023-07-06 13:21:42;Status;;full
cr195;2023-07-06 13:29:21;Status;;full
cr194;2023-07-06 13:30:13;Status;;full
cr194;2023-07-06 13:50:58;Weight;;;1160.0
cr196;2023-07-06 14:09:33;;6;empty;Supplier
cr175;2023-07-06 14:29:32;Weight;;;1210.0
cr181;2023-07-06 14:49:31;Weight;;;960.0
cr195;2023-07-06 15:03:26;Weight;;;1210.0
cr196;2023-07-06 16:01:24;Status;;full
cr196;2023-07-06 16:20:53;Weight;;;1160.0
cr169;2023-07-06 18:47:40;;2;empty;Supplier
cr192;2023-07-07 07:34:17;;6;empty;Supplier
cr179;2023-07-07 07:40:32;;6;empty;Supplier
cr180;2023-07-07 08:13:30;;6;empty;Supplier
cr160;2023-07-07 09:18:23;;4;empty;Supplier
cr169;2023-07-07 10:05:15;Status;;full
cr169;2023-07-07 11:27:46;Weight;;;380.0
cr160;2023-07-07 13:57:58;Status;;full
cr179;2023-07-07 14:05:06;Status;;full
cr192;2023-07-07 14:12:42;Status;;full
cr180;2023-07-07 14:21:19;Status;;full
cr179;2023-07-07 14:24:42;Weight;;;1140.0
cr180;2023-07-07 14:42:05;Weight;;;1170.0
cr160;2023-07-07 15:21:12;Weight;;;850.0
cr192;2023-07-07 15:37:55;Weight;;;1210.0
cr155;2023-07-10 07:34:38;;6;empty;Supplier
cr190;2023-07-10 07:48:36;;6;empty;Supplier
cr198;2023-07-10 07:54:05;;2;empty;Supplier
cr186;2023-07-10 07:59:09;;6;empty;Supplier
cr205;2023-07-10 08:02:43;;6;empty;Supplier
cr156;2023-07-10 08:23:13;;5;empty;Supplier
cr198;2023-07-10 11:11:39;Status;;full
cr198;2023-07-10 11:29:01;Weight;;;400.0
cr188;2023-07-10 11:44:19;;6;empty;Supplier
cr190;2023-07-10 16:57:26;Status;;full
cr186;2023-07-10 17:25:57;Status;;full
cr205;2023-07-10 17:35:44;Status;;full
cr156;2023-07-10 19:17:33;Status;;full
cr155;2023-07-10 19:23:06;Status;;full
cr188;2023-07-11 07:34:27;Status;;full
cr205;2023-07-11 07:44:01;Weight;;;1160.0
cr190;2023-07-11 07:50:14;Weight;;;1210.0
cr176;2023-07-11 08:00:32;;6;empty;Supplier
cr172;2023-07-11 08:52:40;;6;empty;Supplier
cr186;2023-07-11 08:56:33;Weight;;;1180.0
cr155;2023-07-11 08:57:04;Weight;;;1260.0
cr199;2023-07-11 09:09:28;;6;empty;Supplier
cr174;2023-07-11 09:15:28;;6;empty;Supplier
cr156;2023-07-11 09:18:43;Weight;;;1010.0
cr209;2023-07-11 09:52:46;;6;empty;Supplier
cr188;2023-07-11 09:56:24;Weight;;;1170.0
cr206;2023-07-11 10:49:56;;5;empty;Supplier
cr199;2023-07-11 14:29:23;Status;;full
cr172;2023-07-11 14:37:05;Status;;full
cr206;2023-07-11 14:43:03;Status;;full
cr199;2023-07-11 14:44:58;Weight;;;1140.0
cr172;2023-07-11 14:55:15;Weight;;;1160.0
cr223;2023-07-11 14:57:00;;6;empty;Supplier
cr214;2023-07-11 15:55:00;;4;empty;Supplier
cr206;2023-07-11 15:59:11;Weight;;;990.0
cr209;2023-07-11 15:59:30;Status;;full
cr197;2023-07-11 16:00:21;;6;empty;Supplier
cr209;2023-07-12 07:28:23;Weight;;;1160.0
cr210;2023-07-12 07:42:13;;5;empty;Supplier
cr174;2023-07-12 10:02:57;Status;;full
cr176;2023-07-12 10:14:50;Status;;full
cr174;2023-07-12 10:19:18;Weight;;;1260.0
cr223;2023-07-12 10:25:27;Status;;full
cr214;2023-07-12 10:26:29;Status;;full
cr176;2023-07-12 10:31:36;Weight;;;1140.0
cr215;2023-07-12 10:32:44;;6;empty;Supplier
cr222;2023-07-12 10:35:06;;6;empty;Supplier
cr214;2023-07-12 10:42:20;Weight;;;810.0
cr223;2023-07-12 10:43:25;Weight;;;1230.0
cr224;2023-07-12 10:45:18;;3;empty;Supplier
cr226;2023-07-12 10:49:28;;6;empty;Supplier
cr197;2023-07-12 15:01:12;Status;;full
cr222;2023-07-12 15:19:58;Status;;full
cr222;2023-07-12 15:35:20;Weight;;;1240.0
cr226;2023-07-12 15:40:09;Status;;full
cr228;2023-07-12 15:50:48;;6;empty;Supplier
cr226;2023-07-12 15:55:37;Weight;;;1210.0
cr224;2023-07-12 16:59:10;Status;;full
cr197;2023-07-12 16:59:56;Weight;;;1230.0
cr227;2023-07-12 17:06:29;;6;empty;Supplier
cr202;2023-07-13 07:26:11;;6;empty;Supplier
cr215;2023-07-13 07:37:14;Status;;full
cr224;2023-07-13 07:52:49;Weight;;;630.0
cr203;2023-07-13 07:54:15;;6;empty;Supplier
cr215;2023-07-13 10:56:57;Weight;;;1100.0
cr213;2023-07-13 10:58:36;;6;empty;Supplier
cr210;2023-07-13 13:42:22;Status;;full
cr202;2023-07-13 13:50:11;Status;;full
cr227;2023-07-13 13:53:33;Status;;full
cr210;2023-07-13 14:44:12;Weight;;;960.0
cr234;2023-07-13 14:52:53;;6;empty;Supplier
cr203;2023-07-13 15:04:28;Status;;full
cr213;2023-07-13 15:35:40;Status;;full
cr227;2023-07-13 15:45:45;Weight;;;1400.0
cr213;2023-07-13 15:51:59;Weight;;;1240.0
cr228;2023-07-13 15:54:34;Status;;full
cr220;2023-07-13 15:57:21;;6;empty;Supplier
cr202;2023-07-13 15:57:35;Weight;;;1210.0
cr225;2023-07-13 15:58:13;;6;empty;Supplier
cr203;2023-07-13 16:08:03;Weight;;;1160.0
cr232;2023-07-13 16:24:55;;6;empty;Supplier
cr221;2023-07-13 17:00:22;;6;empty;Supplier
cr228;2023-07-13 18:30:10;Weight;;;1140.0
cr225;2023-07-14 07:24:26;Status;;full
cr207;2023-07-14 07:25:27;;6;empty;Supplier
cr234;2023-07-14 08:16:58;Status;;full
cr225;2023-07-14 08:33:52;Weight;;;1210.0
cr238;2023-07-14 08:52:32;;6;empty;Supplier
cr234;2023-07-14 10:10:22;Weight;;;1190.0
cr177;2023-07-14 10:13:46;;6;empty;Supplier
cr220;2023-07-14 14:09:42;Status;;full
cr238;2023-07-14 14:19:22;Status;;full
cr207;2023-07-14 14:26:15;Status;;full
cr232;2023-07-14 14:30:27;Status;;full
cr177;2023-07-14 14:33:39;Status;;full
cr221;2023-07-14 14:38:44;Status;;full
cr238;2023-07-14 14:40:28;Weight;;;1160.0
cr229;2023-07-14 14:59:03;;5;empty;Supplier
cr220;2023-07-14 15:33:21;Weight;;;1170.0
cr164;2023-07-14 15:41:00;;6;empty;Supplier
cr207;2023-07-14 16:09:32;Weight;;;1140.0
cr212;2023-07-14 16:12:53;;6;empty;Supplier
cr232;2023-07-14 16:14:48;Weight;;;1140.0
cr177;2023-07-14 16:23:32;Weight;;;1140.0
cr241;2023-07-14 16:36:15;;6;empty;Supplier
cr221;2023-07-14 16:40:05;Weight;;;1120.0
cr229;2023-07-14 16:56:16;Status;;full
cr189;2023-07-17 07:33:22;;2;empty;Supplier
cr229;2023-07-17 07:54:29;Weight;;;1060.0
cr212;2023-07-17 07:59:31;Status;;full
cr211;2023-07-17 08:01:43;;6;empty;Supplier
cr208;2023-07-17 08:13:37;;6;empty;Supplier
cr164;2023-07-17 08:14:27;Status;;full
cr164;2023-07-17 08:54:39;Weight;;;1180.0
cr241;2023-07-17 09:03:19;Status;;full
cr211;2023-07-17 09:53:13;Status;;full
cr218;2023-07-17 09:59:52;;6;empty;Supplier
cr212;2023-07-17 11:03:40;Weight;;;1280.0
cr241;2023-07-17 11:06:14;Weight;;;1210.0
cr201;2023-07-17 11:09:10;;2;empty;Supplier
cr233;2023-07-17 11:18:15;;6;empty;Supplier
cr189;2023-07-17 11:26:16;Status;;full
cr201;2023-07-17 11:46:22;Status;;full
cr189;2023-07-17 11:49:31;Weight;;;380.0
cr242;2023-07-17 11:53:14;;6;empty;Supplier
cr191;2023-07-17 11:54:58;;6;empty;Supplier
cr211;2023-07-17 11:56:15;Weight;;;1160.0
cr201;2023-07-17 14:50:12;Weight;;;430.0
cr230;2023-07-17 14:56:19;;6;empty;Supplier
cr208;2023-07-17 16:20:34;Status;;full
cr208;2023-07-17 16:45:45;Weight;;;1140.0
cr235;2023-07-17 17:41:49;;6;empty;Supplier
cr233;2023-07-18 07:57:42;Status;;full
cr218;2023-07-18 09:21:00;Status;;full
cr235;2023-07-18 09:21:35;Status;;full
cr233;2023-07-18 09:25:11;Weight;;;1230.0
cr217;2023-07-18 09:32:41;;6;empty;Supplier
cr218;2023-07-18 09:35:49;Weight;;;1260.0
cr191;2023-07-18 09:40:15;Status;;full
cr243;2023-07-18 09:41:07;;6;empty;Supplier
cr235;2023-07-18 09:42:22;Weight;;;1210.0
cr236;2023-07-18 09:53:45;;6;empty;Supplier
cr230;2023-07-18 11:01:18;Status;;full
cr191;2023-07-18 11:21:36;Weight;;;1140.0
cr231;2023-07-18 11:23:12;;5;empty;Supplier
cr242;2023-07-18 11:31:10;Status;;full
cr242;2023-07-18 11:46:53;Weight;;;1140.0
cr243;2023-07-18 11:49:41;Status;;full
cr237;2023-07-18 11:53:16;;6;empty;Supplier
cr230;2023-07-18 11:59:48;Weight;;;1230.0
cr236;2023-07-18 14:34:40;Status;;full
cr231;2023-07-18 14:36:45;Status;;full
cr217;2023-07-18 14:36:52;Status;;full
cr237;2023-07-18 14:43:53;Status;;full
cr243;2023-07-18 14:52:09;Weight;;;1160.0
cr236;2023-07-18 14:53:54;Weight;;;1120.0
cr217;2023-07-18 14:57:32;Weight;;;1170.0
cr237;2023-07-18 14:59:11;Weight;;;1210.0
cr231;2023-07-18 16:14:40;Weight;;;1010.0
cr249;2023-07-18 17:03:39;;1;empty;Supplier
cr248;2023-07-18 17:07:47;;6;empty;Supplier
cr247;2023-07-18 17:12:36;;6;empty;Supplier
cr253;2023-07-18 18:20:58;;6;empty;Supplier
cr239;2023-07-19 08:13:12;;4;empty;Supplier
cr249;2023-07-19 08:51:31;Status;;full
cr239;2023-07-19 10:17:12;Status;;full
cr248;2023-07-19 10:17:29;Status;;full
cr253;2023-07-19 10:18:58;Status;;full
cr247;2023-07-19 10:33:08;Status;;full
cr248;2023-07-19 10:34:04;Weight;;;1160.0
cr253;2023-07-19 10:39:51;Weight;;;1160.0
cr249;2023-07-19 10:46:49;Weight;;;180.0
cr247;2023-07-19 10:49:10;Weight;;;1120.0
cr239;2023-07-19 11:32:35;Weight;;;740.0
cr216;2023-07-20 07:39:03;;6;empty;Supplier
cr244;2023-07-20 07:51:53;;6;empty;Supplier
cr200;2023-07-20 07:58:35;;6;empty;Supplier
cr252;2023-07-20 08:23:54;;6;empty;Supplier
cr216;2023-07-20 11:08:59;Status;;full
cr244;2023-07-20 11:21:10;Status;;full
cr200;2023-07-20 11:21:35;Status;;full
cr216;2023-07-20 11:26:42;Weight;;;1210.0
cr244;2023-07-20 11:36:46;Weight;;;1160.0
cr200;2023-07-20 11:39:23;Weight;;;1180.0
cr252;2023-07-20 13:09:18;Status;;full
cr252;2023-07-20 14:27:31;Weight;;;1180.0
cr255;2023-07-20 14:38:37;;6;empty;Supplier
cr255;2023-07-20 17:43:36;Status;;full
cr250;2023-07-21 07:32:55;;6;empty;Supplier
cr250;2023-07-21 09:34:28;Status;;full
cr255;2023-07-21 09:46:03;Weight;;;1160.0
cr250;2023-07-21 09:56:36;Weight;;;1220.0
cr204;2023-07-21 10:00:07;;6;empty;Supplier
cr204;2023-07-21 10:56:14;Status;;full
cr204;2023-07-21 14:07:17;Weight;;;1160.0
cr258;2023-07-21 15:41:25;;6;empty;Supplier
cr245;2023-07-21 18:17:23;;6;empty;Supplier
cr258;2023-07-21 19:12:13;Status;;full
cr262;2023-07-24 07:32:24;;1;empty;Supplier
cr254;2023-07-24 07:41:23;;1;empty;Supplier
cr261;2023-07-24 07:52:51;;6;empty;Supplier
cr258;2023-07-24 07:53:17;Weight;;;1140.0
cr251;2023-07-24 08:03:13;;6;empty;Supplier
cr257;2023-07-24 08:51:59;;1;empty;Supplier
cr262;2023-07-24 09:11:20;Status;;full
cr245;2023-07-24 09:37:43;Status;;full
cr254;2023-07-24 09:44:54;Status;;full
cr257;2023-07-24 10:24:34;Status;;full
cr262;2023-07-24 10:27:36;Weight;;;200.0
cr240;2023-07-24 10:37:31;;6;empty;Supplier
cr257;2023-07-24 10:44:27;Weight;;;250.0
cr263;2023-07-24 10:49:30;;6;empty;Supplier
cr219;2023-07-24 10:53:53;;6;empty;Supplier
cr254;2023-07-24 10:55:04;Weight;;;200.0
cr251;2023-07-24 10:58:32;Status;;full
cr261;2023-07-24 11:03:51;Status;;full
cr245;2023-07-24 11:22:05;Weight;;;1190.0
cr261;2023-07-24 11:22:23;Weight;;;1160.0
cr264;2023-07-24 11:25:48;;6;empty;Supplier
cr266;2023-07-24 11:34:42;;6;empty;Supplier
cr251;2023-07-24 14:02:33;Weight;;;1140.0
cr267;2023-07-24 14:11:11;;6;empty;Supplier
cr240;2023-07-24 14:40:40;Status;;full
cr263;2023-07-24 15:04:55;Status;;full
cr264;2023-07-24 15:55:08;Status;;full
cr263;2023-07-24 16:17:51;Weight;;;1140.0
cr240;2023-07-24 16:27:59;Weight;;;1190.0
cr266;2023-07-24 16:54:50;Status;;full
cr267;2023-07-24 17:03:21;Status;;full
cr264;2023-07-24 17:38:55;Weight;;;1210.0
cr219;2023-07-24 17:46:31;Status;;full
cr266;2023-07-24 18:54:04;Weight;;;1100.0
cr267;2023-07-24 18:55:51;Weight;;;1210.0
cr265;2023-07-25 07:46:51;;6;empty;Supplier
cr219;2023-07-25 09:04:34;Weight;;;1140.0
cr265;2023-07-25 09:51:46;Status;;full
cr273;2023-07-25 11:27:03;;6;empty;Supplier
cr265;2023-07-25 11:58:59;Weight;;;1210.0
cr276;2023-07-25 13:13:08;;5;empty;Supplier
cr273;2023-07-25 13:43:50;Status;;full
cr273;2023-07-25 14:48:35;Weight;;;1210.0
cr269;2023-07-25 15:01:18;;4;empty;Supplier
cr269;2023-07-25 15:40:08;Status;;full
cr276;2023-07-25 15:47:49;Status;;full
cr269;2023-07-25 15:56:59;Weight;;;760.0
cr272;2023-07-25 16:47:59;;6;empty;Supplier
cr276;2023-07-25 16:52:45;Weight;;;980.0
cr259;2023-07-25 17:45:47;;6;empty;Supplier
cr246;2023-07-26 07:51:12;;3;empty;Supplier
cr272;2023-07-26 08:29:16;Status;;full
cr272;2023-07-26 09:59:14;Weight;;;1100.0
cr246;2023-07-26 10:59:35;Status;;full
cr259;2023-07-26 11:03:59;Status;;full
cr259;2023-07-26 13:10:43;Weight;;;1140.0
cr246;2023-07-26 13:16:26;Weight;;;580.0
cr280;2023-07-26 16:22:35;;6;empty;Supplier
cr282;2023-07-26 16:25:36;;4;empty;Supplier
cr283;2023-07-27 07:47:45;;6;empty;Supplier
cr282;2023-07-27 07:52:05;Status;;full
cr288;2023-07-27 08:40:28;;6;empty;Supplier
cr280;2023-07-27 09:27:47;Status;;full
cr280;2023-07-27 09:44:39;Weight;;;1190.0
cr282;2023-07-27 10:18:10;Weight;;;830.0
cr288;2023-07-27 10:23:17;Status;;full
cr288;2023-07-27 11:49:10;Weight;;;1190.0
cr283;2023-07-27 13:21:21;Status;;full
cr283;2023-07-27 14:51:51;Weight;;;1140.0
cr270;2023-07-27 17:49:11;;6;empty;Supplier
cr292;2023-07-28 08:01:16;;6;empty;Supplier
cr271;2023-07-28 09:53:08;;5;empty;Supplier
cr292;2023-07-28 11:26:11;Status;;full
cr296;2023-07-28 11:48:46;;3;empty;Supplier
cr256;2023-07-28 13:29:40;;6;empty;Supplier
cr292;2023-07-28 14:19:11;Weight;;;1160.0
cr271;2023-07-28 14:20:55;Status;;full
cr296;2023-07-28 14:29:42;Status;;full
cr271;2023-07-28 14:41:09;Weight;;;990.0
cr270;2023-07-28 15:13:03;Status;;full
cr270;2023-07-28 15:38:26;Weight;;;1160.0
cr256;2023-07-28 16:06:23;Status;;full
cr296;2023-07-28 16:17:45;Weight;;;560.0
cr256;2023-07-28 16:31:48;Weight;;;1160.0
cr260;2023-07-31 07:20:39;;6;empty;Supplier
cr286;2023-07-31 07:22:10;;6;empty;Supplier
cr285;2023-07-31 07:47:44;;3;empty;Supplier
cr275;2023-07-31 07:55:44;;6;empty;Supplier
cr277;2023-07-31 08:07:44;;6;empty;Supplier
cr268;2023-07-31 08:22:46;;6;empty;Supplier
cr285;2023-07-31 13:12:06;Status;;full
cr268;2023-07-31 13:27:01;Status;;full
cr277;2023-07-31 13:36:51;Status;;full
cr275;2023-07-31 13:48:10;Status;;full
cr268;2023-07-31 13:50:12;Weight;;;1210.0
cr274;2023-07-31 13:53:29;;6;empty;Supplier
cr285;2023-07-31 14:45:02;Weight;;;600.0
cr277;2023-07-31 14:59:27;Weight;;;1180.0
cr275;2023-07-31 15:50:06;Weight;;;1230.0
cr260;2023-07-31 15:50:32;Status;;full
cr286;2023-07-31 15:55:40;Status;;full
cr301;2023-07-31 16:52:42;;6;empty;Supplier
cr302;2023-07-31 17:00:15;;1;empty;Supplier
cr260;2023-07-31 18:04:07;Weight;;;1190.0
cr287;2023-07-31 18:44:09;;6;empty;Supplier
cr274;2023-07-31 19:23:46;Status;;full
cr286;2023-08-01 07:37:31;Weight;;;1190.0
cr304;2023-08-01 08:15:15;;6;empty;Supplier
cr274;2023-08-01 08:18:11;Weight;;;1120.0
cr278;2023-08-01 08:21:39;;6;empty;Supplier
cr294;2023-08-01 08:24:23;;6;empty;Supplier
cr302;2023-08-01 11:01:52;Status;;full
cr302;2023-08-01 13:33:07;Weight;;;200.0
cr279;2023-08-01 14:29:40;;6;empty;Supplier
cr278;2023-08-01 19:53:28;Status;;full
cr287;2023-08-02 07:32:13;Status;;full
cr278;2023-08-02 08:40:45;Weight;;;1190.0
cr281;2023-08-02 08:53:24;;6;empty;Supplier
cr301;2023-08-02 09:19:36;Status;;full
cr304;2023-08-02 09:36:09;Status;;full
cr301;2023-08-02 09:45:46;Weight;;;1140.0
cr307;2023-08-02 09:47:55;;6;empty;Supplier
cr287;2023-08-02 10:12:26;Weight;;;1170.0
cr284;2023-08-02 10:22:16;;6;empty;Supplier
cr304;2023-08-02 11:35:52;Weight;;;1140.0
cr306;2023-08-02 11:43:40;;6;empty;Supplier
cr281;2023-08-02 13:42:52;Status;;full
cr309;2023-08-02 14:56:31;;6;empty;Supplier
cr281;2023-08-02 14:58:34;Weight;;;1140.0
cr279;2023-08-02 14:59:52;Status;;full
cr284;2023-08-02 15:07:34;Status;;full
cr306;2023-08-02 15:23:24;Status;;full
cr306;2023-08-02 15:52:22;Weight;;;1170.0
cr310;2023-08-02 15:59:40;;6;empty;Supplier
cr284;2023-08-02 16:54:02;Weight;;;1210.0
cr307;2023-08-02 17:16:01;Status;;full
cr291;2023-08-02 17:53:30;;6;empty;Supplier
cr279;2023-08-02 17:55:37;Weight;;;1160.0
cr290;2023-08-02 18:24:02;;2;empty;Supplier
cr309;2023-08-03 07:43:20;Status;;full
cr290;2023-08-03 10:06:59;Status;;full
cr310;2023-08-03 10:07:20;Status;;full
cr309;2023-08-03 10:26:20;Weight;;;1170.0
cr294;2023-08-03 10:29:37;Status;;full
cr307;2023-08-03 10:59:17;Weight;;;1120.0
cr293;2023-08-03 11:05:44;;2;empty;Supplier
cr291;2023-08-03 11:13:46;Status;;full
cr290;2023-08-03 11:38:18;Weight;;;360.0
cr310;2023-08-03 11:39:29;Weight;;;1190.0
cr293;2023-08-03 11:57:41;Status;;full
cr294;2023-08-03 13:23:41;Weight;;;1260.0
cr293;2023-08-03 14:26:01;Weight;;;430.0
cr291;2023-08-03 14:56:56;Weight;;;1200.0
cr298;2023-08-04 08:04:22;;6;empty;Supplier
cr305;2023-08-04 08:13:30;;2;empty;Supplier
cr305;2023-08-04 09:48:15;Status;;full
cr298;2023-08-04 10:58:33;Status;;full
cr300;2023-08-04 11:53:50;;2;empty;Supplier
cr305;2023-08-04 13:22:09;Weight;;;380.0
cr308;2023-08-04 13:33:40;;6;empty;Supplier
cr298;2023-08-04 14:53:08;Weight;;;1170.0
cr300;2023-08-04 15:55:42;Status;;full
cr311;2023-08-04 16:04:11;;6;empty;Supplier
cr300;2023-08-04 18:27:57;Weight;;;400.0
cr317;2023-08-07 07:29:02;;6;empty;Supplier
cr313;2023-08-07 07:40:54;;3;empty;Supplier
cr308;2023-08-07 07:58:31;Status;;full
cr319;2023-08-07 08:11:56;;6;empty;Supplier
cr295;2023-08-07 08:12:23;;6;empty;Supplier
cr308;2023-08-07 09:44:59;Weight;;;1160.0
cr315;2023-08-07 09:52:03;;6;empty;Supplier
cr311;2023-08-07 10:08:52;Status;;full
cr311;2023-08-07 10:33:01;Weight;;;1210.0
cr314;2023-08-07 11:35:19;;6;empty;Supplier
cr319;2023-08-07 16:32:58;Status;;full
cr317;2023-08-07 16:50:13;Status;;full
cr295;2023-08-07 18:00:26;Status;;full
cr314;2023-08-07 18:35:28;Status;;full
cr317;2023-08-08 07:41:10;Weight;;;1160.0
cr315;2023-08-08 07:56:37;Status;;full
cr324;2023-08-08 07:59:47;;6;empty;Supplier
cr319;2023-08-08 08:52:31;Weight;;;1160.0
cr295;2023-08-08 09:18:32;Weight;;;1230.0
cr316;2023-08-08 09:24:46;;6;empty;Supplier
cr313;2023-08-08 09:49:58;Status;;full
cr314;2023-08-08 09:58:42;Weight;;;1140.0
cr289;2023-08-08 10:07:00;;6;empty;Supplier
cr315;2023-08-08 10:48:13;Weight;;;1230.0
cr328;2023-08-08 10:56:35;;2;empty;Supplier
cr329;2023-08-08 10:57:03;;6;empty;Supplier
cr313;2023-08-08 13:04:13;Weight;;;560.0
cr303;2023-08-08 13:31:30;;6;empty;Supplier
cr324;2023-08-08 13:44:34;Status;;full
cr324;2023-08-08 14:59:28;Weight;;;1160.0
cr289;2023-08-08 15:46:22;Status;;full
cr323;2023-08-08 16:00:46;;5;empty;Supplier
cr289;2023-08-08 16:55:45;Weight;;;1170.0
cr328;2023-08-08 17:57:29;Status;;full
cr322;2023-08-08 17:59:49;;6;empty;Supplier
cr316;2023-08-08 18:35:37;Status;;full
cr316;2023-08-09 09:55:59;Weight;;;1120.0
cr328;2023-08-09 10:14:02;Weight;;;360.0
cr325;2023-08-09 10:27:18;;6;empty;Supplier
cr321;2023-08-09 11:06:14;;6;empty;Supplier
cr303;2023-08-09 11:18:52;Status;;full
cr303;2023-08-09 11:40:44;Weight;;;1160.0
cr323;2023-08-09 11:50:25;Status;;full
cr318;2023-08-09 13:39:30;;1;empty;Supplier
cr323;2023-08-09 14:06:24;Weight;;;1030.0
cr327;2023-08-09 14:24:27;;6;empty;Supplier
cr329;2023-08-09 14:46:05;Status;;full
cr321;2023-08-09 14:52:18;Status;;full
cr321;2023-08-09 16:10:37;Weight;;;1180.0
cr312;2023-08-09 16:15:31;;6;empty;Supplier
cr318;2023-08-09 16:59:48;Status;;full
cr325;2023-08-09 17:05:13;Status;;full
cr329;2023-08-09 17:57:26;Weight;;;1140.0
cr322;2023-08-09 18:01:51;Status;;full
cr326;2023-08-09 18:17:10;;6;empty;Supplier
cr327;2023-08-09 18:24:54;Status;;full
cr318;2023-08-10 07:41:03;Weight;;;180.0
cr327;2023-08-10 08:04:51;Weight;;;1250.0
cr331;2023-08-10 08:31:50;;6;empty;Supplier
cr320;2023-08-10 08:46:34;;6;empty;Supplier
cr325;2023-08-10 09:20:18;Weight;;;1160.0
cr322;2023-08-10 09:37:44;Weight;;;1190.0
cr299;2023-08-10 09:39:30;;6;empty;Supplier
cr336;2023-08-10 13:38:52;;6;empty;Supplier
cr312;2023-08-10 14:33:40;Status;;full
cr331;2023-08-10 14:52:37;Status;;full
cr326;2023-08-10 14:53:43;Status;;full
cr336;2023-08-10 15:32:20;Status;;full
cr336;2023-08-10 15:57:00;Weight;;;1210.0
cr331;2023-08-10 16:10:08;Weight;;;1210.0
cr320;2023-08-10 16:25:44;Status;;full
cr299;2023-08-10 16:32:50;Status;;full
cr312;2023-08-10 16:33:24;Weight;;;1210.0
cr326;2023-08-10 17:19:14;Weight;;;1140.0
cr337;2023-08-10 17:44:04;;6;empty;Supplier
cr320;2023-08-11 08:49:42;Weight;;;1170.0
cr339;2023-08-11 09:58:38;;6;empty;Supplier
cr299;2023-08-11 10:04:11;Weight;;;1170.0
cr337;2023-08-11 11:26:15;Status;;full
cr337;2023-08-11 11:54:55;Weight;;;1190.0
cr339;2023-08-11 16:15:15;Status;;full
cr339;2023-08-11 16:56:20;Weight;;;1100.0
cr341;2023-08-14 07:22:07;;4;empty;Supplier
cr333;2023-08-14 08:11:23;;1;empty;Supplier
cr335;2023-08-14 08:15:10;;6;empty;Supplier
cr338;2023-08-14 08:23:26;;6;empty;Supplier
cr340;2023-08-14 08:27:05;;6;empty;Supplier
cr297;2023-08-14 08:31:48;;6;empty;Supplier
cr333;2023-08-14 13:59:57;Status;;full
cr334;2023-08-14 16:40:03;;6;empty;Supplier
cr333;2023-08-14 16:42:00;Weight;;;180.0
cr340;2023-08-14 16:45:32;Status;;full
cr341;2023-08-15 08:52:36;Status;;full
cr340;2023-08-15 09:26:37;Weight;;;1280.0
cr342;2023-08-15 09:42:42;;6;empty;Supplier
cr338;2023-08-15 10:07:43;Status;;full
cr334;2023-08-15 10:12:41;Status;;full
cr297;2023-08-15 10:53:01;Status;;full
cr335;2023-08-15 10:57:16;Status;;full
cr341;2023-08-15 11:19:39;Weight;;;780.0
cr330;2023-08-15 11:32:28;;4;empty;Supplier
cr342;2023-08-15 11:36:43;Status;;full
cr338;2023-08-15 11:43:34;Weight;;;1140.0
cr334;2023-08-15 11:47:17;Weight;;;1140.0
cr335;2023-08-15 13:17:08;Weight;;;1140.0
cr342;2023-08-15 14:03:15;Weight;;;1120.0
cr297;2023-08-15 14:11:03;Weight;;;1160.0
cr330;2023-08-15 15:06:27;Status;;full
cr330;2023-08-15 15:36:14;Weight;;;810.0
cr344;2023-08-16 14:46:23;;5;empty;Supplier
cr344;2023-08-16 16:30:48;Status;;full
cr344;2023-08-16 16:57:58;Weight;;;990.0
cr343;2023-08-17 07:47:01;;6;empty;Supplier
cr343;2023-08-17 11:25:55;Status;;full
cr343;2023-08-17 11:48:27;Weight;;;1120.0
cr332;2023-08-23 13:52:45;;6;empty;Supplier
cr332;2023-08-23 16:11:14;Status;;full
cr332;2023-08-24 07:59:02;Weight;;;1230.0
