ocel_id;ocel_type
loc_Truck_Depot;Location
loc_Terminal;Location
loc_Terminal_North;Location
loc_Terminal_South;Location
loc_Forklift_Depot;Location
loc_Storage;Location
loc_Loading_Bay;Location
loc_Weighbridge;Location
loc_Dispatch_Center;Location
loc_Supplier;Location
loc_Supplier_Loading_Area;Location
loc_Road_to_Terminal;Location
loc_Stock;Location
loc_On_Vehicle;Location
loc_Outbound_Route;Location
tr1;Truck
tr4;Truck
fl1;Forklift
fl3;Forklift
fl2;Forklift
tr3;Truck
tr6;Truck
tr2;Truck
tr5;Truck
co1;Customer Order
td1;Transport Document
co2;Customer Order
co3;Customer Order
co4;Customer Order
hu1;Handling Unit
hu2;Handling Unit
cr5;Container
co5;Customer Order
co6;Customer Order
td2;Transport Document
td3;Transport Document
hu6;Handling Unit
cr6;Container
hu4;Handling Unit
hu7;Handling Unit
co7;Customer Order
hu14;Handling Unit
hu11;Handling Unit
hu5;Handling Unit
hu10;Handling Unit
hu3;Handling Unit
hu8;Handling Unit
hu12;Handling Unit
hu13;Handling Unit
hu9;Handling Unit
cr7;Container
co8;Customer Order
td4;Transport Document
co9;Customer Order
hu17;Handling Unit
cr16;Container
cr12;Container
hu20;Handling Unit
cr13;Container
cr9;Container
hu34;Handling Unit
hu32;Handling Unit
td5;Transport Document
hu37;Handling Unit
hu25;Handling Unit
co10;Customer Order
hu15;Handling Unit
td6;Transport Document
hu18;Handling Unit
hu35;Handling Unit
hu28;Handling Unit
hu33;Handling Unit
hu36;Handling Unit
hu24;Handling Unit
hu31;Handling Unit
hu21;Handling Unit
hu19;Handling Unit
hu29;Handling Unit
hu26;Handling Unit
hu22;Handling Unit
hu38;Handling Unit
hu30;Handling Unit
hu23;Handling Unit
hu27;Handling Unit
hu16;Handling Unit
td7;Transport Document
hu39;Handling Unit
hu40;Handling Unit
cr18;Container
co11;Customer Order
hu44;Handling Unit
hu41;Handling Unit
hu46;Handling Unit
hu43;Handling Unit
hu42;Handling Unit
hu45;Handling Unit
cr14;Container
td8;Transport Document
hu51;Handling Unit
hu49;Handling Unit
hu47;Handling Unit
hu48;Handling Unit
hu50;Handling Unit
hu52;Handling Unit
cr10;Container
vh1;Vehicle
co12;Customer Order
hu56;Handling Unit
cr29;Container
hu58;Handling Unit
cr30;Container
hu57;Handling Unit
hu55;Handling Unit
hu60;Handling Unit
hu53;Handling Unit
hu61;Handling Unit
hu63;Handling Unit
hu62;Handling Unit
hu54;Handling Unit
hu59;Handling Unit
td9;Transport Document
td10;Transport Document
co13;Customer Order
hu65;Handling Unit
hu64;Handling Unit
hu66;Handling Unit
hu69;Handling Unit
hu68;Handling Unit
cr19;Container
cr4;Container
hu73;Handling Unit
hu72;Handling Unit
hu67;Handling Unit
hu75;Handling Unit
hu70;Handling Unit
hu74;Handling Unit
hu71;Handling Unit
td11;Transport Document
co14;Customer Order
td12;Transport Document
td13;Transport Document
hu76;Handling Unit
hu78;Handling Unit
hu79;Handling Unit
cr41;Container
hu77;Handling Unit
hu82;Handling Unit
hu84;Handling Unit
hu83;Handling Unit
cr43;Container
hu85;Handling Unit
hu80;Handling Unit
hu81;Handling Unit
co15;Customer Order
hu91;Handling Unit
cr11;Container
hu95;Handling Unit
hu89;Handling Unit
cr2;Container
cr35;Container
hu98;Handling Unit
hu101;Handling Unit
hu93;Handling Unit
hu102;Handling Unit
hu99;Handling Unit
hu92;Handling Unit
hu94;Handling Unit
hu87;Handling Unit
hu100;Handling Unit
hu88;Handling Unit
hu97;Handling Unit
hu86;Handling Unit
hu103;Handling Unit
hu96;Handling Unit
hu90;Handling Unit
hu104;Handling Unit
cr20;Container
hu105;Handling Unit
co16;Customer Order
cr1;Container
hu109;Handling Unit
hu108;Handling Unit
hu106;Handling Unit
hu110;Handling Unit
hu107;Handling Unit
hu113;Handling Unit
hu111;Handling Unit
cr34;Container
hu112;Handling Unit
co17;Customer Order
hu117;Handling Unit
hu122;Handling Unit
hu123;Handling Unit
hu121;Handling Unit
cr3;Container
hu115;Handling Unit
hu120;Handling Unit
cr28;Container
hu125;Handling Unit
hu119;Handling Unit
hu116;Handling Unit
hu114;Handling Unit
hu124;Handling Unit
hu118;Handling Unit
hu129;Handling Unit
hu128;Handling Unit
cr45;Container
hu131;Handling Unit
hu126;Handling Unit
hu130;Handling Unit
hu127;Handling Unit
vh2;Vehicle
td14;Transport Document
hu134;Handling Unit
hu132;Handling Unit
hu136;Handling Unit
cr48;Container
hu137;Handling Unit
co18;Customer Order
td15;Transport Document
hu135;Handling Unit
hu133;Handling Unit
hu139;Handling Unit
hu140;Handling Unit
hu138;Handling Unit
hu142;Handling Unit
cr33;Container
cr51;Container
cr47;Container
hu149;Handling Unit
hu145;Handling Unit
cr52;Container
cr53;Container
hu153;Handling Unit
hu148;Handling Unit
hu156;Handling Unit
cr27;Container
hu165;Handling Unit
hu147;Handling Unit
hu144;Handling Unit
co19;Customer Order
hu159;Handling Unit
hu158;Handling Unit
hu150;Handling Unit
hu162;Handling Unit
hu161;Handling Unit
hu155;Handling Unit
hu160;Handling Unit
hu166;Handling Unit
hu154;Handling Unit
hu170;Handling Unit
hu152;Handling Unit
cr25;Container
hu173;Handling Unit
hu146;Handling Unit
td16;Transport Document
hu157;Handling Unit
hu151;Handling Unit
hu143;Handling Unit
td17;Transport Document
cr49;Container
cr50;Container
hu168;Handling Unit
hu180;Handling Unit
hu186;Handling Unit
hu182;Handling Unit
hu188;Handling Unit
hu189;Handling Unit
cr15;Container
hu184;Handling Unit
hu175;Handling Unit
hu141;Handling Unit
hu174;Handling Unit
hu177;Handling Unit
hu167;Handling Unit
hu190;Handling Unit
hu172;Handling Unit
hu183;Handling Unit
hu192;Handling Unit
co20;Customer Order
cr24;Container
hu193;Handling Unit
hu196;Handling Unit
hu181;Handling Unit
hu198;Handling Unit
hu163;Handling Unit
hu194;Handling Unit
hu197;Handling Unit
hu185;Handling Unit
hu176;Handling Unit
hu178;Handling Unit
hu191;Handling Unit
hu164;Handling Unit
hu171;Handling Unit
hu195;Handling Unit
cr38;Container
hu199;Handling Unit
hu201;Handling Unit
hu187;Handling Unit
hu204;Handling Unit
cr61;Container
vh3;Vehicle
hu209;Handling Unit
hu179;Handling Unit
hu200;Handling Unit
co21;Customer Order
hu206;Handling Unit
hu214;Handling Unit
hu203;Handling Unit
hu210;Handling Unit
hu202;Handling Unit
hu212;Handling Unit
hu216;Handling Unit
cr46;Container
hu208;Handling Unit
cr36;Container
hu215;Handling Unit
hu211;Handling Unit
hu207;Handling Unit
hu213;Handling Unit
hu217;Handling Unit
cr37;Container
hu221;Handling Unit
hu218;Handling Unit
hu219;Handling Unit
hu222;Handling Unit
cr42;Container
hu225;Handling Unit
hu227;Handling Unit
hu169;Handling Unit
hu229;Handling Unit
hu228;Handling Unit
hu205;Handling Unit
hu220;Handling Unit
hu224;Handling Unit
hu231;Handling Unit
cr21;Container
hu226;Handling Unit
hu223;Handling Unit
hu235;Handling Unit
cr44;Container
hu234;Handling Unit
hu236;Handling Unit
hu239;Handling Unit
cr57;Container
hu241;Handling Unit
cr17;Container
hu245;Handling Unit
hu240;Handling Unit
hu238;Handling Unit
hu246;Handling Unit
hu242;Handling Unit
hu237;Handling Unit
hu233;Handling Unit
hu230;Handling Unit
hu243;Handling Unit
hu244;Handling Unit
hu232;Handling Unit
hu247;Handling Unit
hu248;Handling Unit
co22;Customer Order
td18;Transport Document
hu253;Handling Unit
hu254;Handling Unit
hu260;Handling Unit
hu256;Handling Unit
hu250;Handling Unit
hu249;Handling Unit
hu252;Handling Unit
cr59;Container
hu259;Handling Unit
hu251;Handling Unit
hu255;Handling Unit
hu257;Handling Unit
cr32;Container
hu258;Handling Unit
co23;Customer Order
co24;Customer Order
hu265;Handling Unit
hu261;Handling Unit
hu266;Handling Unit
hu263;Handling Unit
cr56;Container
hu264;Handling Unit
hu262;Handling Unit
hu271;Handling Unit
hu269;Handling Unit
hu270;Handling Unit
hu267;Handling Unit
cr55;Container
hu268;Handling Unit
hu272;Handling Unit
hu274;Handling Unit
hu277;Handling Unit
hu275;Handling Unit
hu273;Handling Unit
hu278;Handling Unit
cr39;Container
hu276;Handling Unit
co25;Customer Order
td19;Transport Document
td20;Transport Document
co26;Customer Order
hu280;Handling Unit
cr69;Container
cr58;Container
hu294;Handling Unit
hu290;Handling Unit
hu298;Handling Unit
cr54;Container
hu306;Handling Unit
hu293;Handling Unit
cr67;Container
hu302;Handling Unit
cr68;Container
hu287;Handling Unit
hu299;Handling Unit
td21;Transport Document
hu281;Handling Unit
hu308;Handling Unit
vh4;Vehicle
hu286;Handling Unit
co27;Customer Order
hu305;Handling Unit
cr22;Container
hu300;Handling Unit
hu297;Handling Unit
hu310;Handling Unit
hu295;Handling Unit
hu279;Handling Unit
hu292;Handling Unit
hu309;Handling Unit
hu282;Handling Unit
hu296;Handling Unit
hu313;Handling Unit
hu303;Handling Unit
hu283;Handling Unit
hu289;Handling Unit
hu311;Handling Unit
hu284;Handling Unit
td22;Transport Document
hu285;Handling Unit
hu291;Handling Unit
hu314;Handling Unit
hu318;Handling Unit
hu316;Handling Unit
hu301;Handling Unit
cr66;Container
hu315;Handling Unit
td23;Transport Document
co28;Customer Order
hu312;Handling Unit
hu323;Handling Unit
cr65;Container
hu307;Handling Unit
hu324;Handling Unit
hu317;Handling Unit
hu319;Handling Unit
hu322;Handling Unit
hu331;Handling Unit
cr75;Container
cr63;Container
hu321;Handling Unit
hu329;Handling Unit
hu328;Handling Unit
hu333;Handling Unit
hu327;Handling Unit
hu332;Handling Unit
hu326;Handling Unit
hu334;Handling Unit
hu304;Handling Unit
hu330;Handling Unit
hu325;Handling Unit
hu288;Handling Unit
hu338;Handling Unit
hu339;Handling Unit
td24;Transport Document
hu335;Handling Unit
cr40;Container
hu340;Handling Unit
cr60;Container
co29;Customer Order
cr76;Container
hu343;Handling Unit
hu336;Handling Unit
hu344;Handling Unit
hu342;Handling Unit
hu351;Handling Unit
hu346;Handling Unit
cr71;Container
cr62;Container
hu355;Handling Unit
hu341;Handling Unit
hu358;Handling Unit
hu320;Handling Unit
hu354;Handling Unit
hu337;Handling Unit
hu347;Handling Unit
cr70;Container
hu350;Handling Unit
hu360;Handling Unit
hu363;Handling Unit
cr26;Container
hu345;Handling Unit
cr23;Container
hu373;Handling Unit
hu359;Handling Unit
hu357;Handling Unit
hu369;Handling Unit
hu361;Handling Unit
hu356;Handling Unit
hu368;Handling Unit
hu365;Handling Unit
hu353;Handling Unit
hu371;Handling Unit
hu378;Handling Unit
cr8;Container
hu377;Handling Unit
hu381;Handling Unit
hu379;Handling Unit
hu366;Handling Unit
co30;Customer Order
cr73;Container
hu364;Handling Unit
hu367;Handling Unit
hu349;Handling Unit
hu383;Handling Unit
hu352;Handling Unit
hu370;Handling Unit
hu385;Handling Unit
hu372;Handling Unit
hu374;Handling Unit
cr87;Container
hu362;Handling Unit
hu348;Handling Unit
hu382;Handling Unit
hu386;Handling Unit
hu384;Handling Unit
hu376;Handling Unit
cr84;Container
hu380;Handling Unit
hu387;Handling Unit
hu375;Handling Unit
vh5;Vehicle
td25;Transport Document
td26;Transport Document
hu392;Handling Unit
cr82;Container
hu389;Handling Unit
hu393;Handling Unit
hu388;Handling Unit
td27;Transport Document
co31;Customer Order
cr81;Container
hu396;Handling Unit
hu398;Handling Unit
hu395;Handling Unit
hu394;Handling Unit
hu390;Handling Unit
hu399;Handling Unit
hu391;Handling Unit
hu397;Handling Unit
hu405;Handling Unit
hu400;Handling Unit
hu406;Handling Unit
cr98;Container
hu411;Handling Unit
cr99;Container
hu401;Handling Unit
hu407;Handling Unit
cr96;Container
hu412;Handling Unit
hu410;Handling Unit
hu413;Handling Unit
hu404;Handling Unit
cr80;Container
cr97;Container
hu416;Handling Unit
cr74;Container
hu408;Handling Unit
hu414;Handling Unit
co32;Customer Order
hu417;Handling Unit
hu424;Handling Unit
hu422;Handling Unit
hu402;Handling Unit
hu415;Handling Unit
hu425;Handling Unit
hu420;Handling Unit
hu419;Handling Unit
hu427;Handling Unit
hu426;Handling Unit
hu418;Handling Unit
hu403;Handling Unit
hu430;Handling Unit
hu429;Handling Unit
hu409;Handling Unit
hu428;Handling Unit
hu431;Handling Unit
hu432;Handling Unit
hu423;Handling Unit
hu421;Handling Unit
cr91;Container
td28;Transport Document
co33;Customer Order
co34;Customer Order
td29;Transport Document
co35;Customer Order
hu435;Handling Unit
hu441;Handling Unit
cr78;Container
cr108;Container
td30;Transport Document
hu440;Handling Unit
hu434;Handling Unit
hu446;Handling Unit
cr94;Container
hu443;Handling Unit
hu448;Handling Unit
hu444;Handling Unit
hu433;Handling Unit
hu447;Handling Unit
hu437;Handling Unit
hu442;Handling Unit
hu445;Handling Unit
hu439;Handling Unit
hu436;Handling Unit
hu438;Handling Unit
hu450;Handling Unit
hu453;Handling Unit
hu454;Handling Unit
hu451;Handling Unit
hu452;Handling Unit
cr107;Container
hu449;Handling Unit
co36;Customer Order
vh6;Vehicle
td31;Transport Document
td32;Transport Document
hu457;Handling Unit
hu455;Handling Unit
hu456;Handling Unit
cr104;Container
td33;Transport Document
td34;Transport Document
co37;Customer Order
hu458;Handling Unit
cr113;Container
cr83;Container
cr110;Container
hu466;Handling Unit
cr31;Container
cr111;Container
cr79;Container
hu478;Handling Unit
hu460;Handling Unit
hu491;Handling Unit
hu470;Handling Unit
hu467;Handling Unit
hu475;Handling Unit
hu492;Handling Unit
hu490;Handling Unit
hu461;Handling Unit
hu464;Handling Unit
hu463;Handling Unit
hu481;Handling Unit
hu473;Handling Unit
hu486;Handling Unit
hu487;Handling Unit
hu471;Handling Unit
hu483;Handling Unit
hu462;Handling Unit
hu488;Handling Unit
hu459;Handling Unit
hu469;Handling Unit
co38;Customer Order
hu468;Handling Unit
hu484;Handling Unit
hu480;Handling Unit
hu476;Handling Unit
hu477;Handling Unit
hu485;Handling Unit
hu482;Handling Unit
hu472;Handling Unit
hu489;Handling Unit
hu479;Handling Unit
hu465;Handling Unit
hu474;Handling Unit
hu493;Handling Unit
hu498;Handling Unit
hu496;Handling Unit
cr114;Container
hu495;Handling Unit
hu497;Handling Unit
hu499;Handling Unit
cr109;Container
cr85;Container
cr72;Container
hu519;Handling Unit
hu505;Handling Unit
hu515;Handling Unit
hu510;Handling Unit
hu507;Handling Unit
hu512;Handling Unit
hu520;Handling Unit
cr118;Container
hu517;Handling Unit
hu509;Handling Unit
hu502;Handling Unit
hu516;Handling Unit
hu506;Handling Unit
hu522;Handling Unit
cr106;Container
hu494;Handling Unit
hu508;Handling Unit
hu514;Handling Unit
hu521;Handling Unit
hu513;Handling Unit
co39;Customer Order
hu501;Handling Unit
hu511;Handling Unit
hu503;Handling Unit
hu518;Handling Unit
hu500;Handling Unit
hu504;Handling Unit
hu526;Handling Unit
hu524;Handling Unit
hu533;Handling Unit
cr101;Container
cr77;Container
hu538;Handling Unit
hu534;Handling Unit
hu540;Handling Unit
cr103;Container
hu528;Handling Unit
vh7;Vehicle
hu530;Handling Unit
hu539;Handling Unit
hu525;Handling Unit
hu537;Handling Unit
hu523;Handling Unit
hu532;Handling Unit
hu535;Handling Unit
hu529;Handling Unit
co40;Customer Order
hu527;Handling Unit
hu531;Handling Unit
hu536;Handling Unit
hu541;Handling Unit
cr124;Container
hu545;Handling Unit
co41;Customer Order
hu544;Handling Unit
cr100;Container
hu542;Handling Unit
hu547;Handling Unit
hu546;Handling Unit
hu543;Handling Unit
hu550;Handling Unit
hu553;Handling Unit
hu551;Handling Unit
cr123;Container
hu549;Handling Unit
hu548;Handling Unit
hu552;Handling Unit
cr95;Container
hu555;Handling Unit
td35;Transport Document
hu554;Handling Unit
hu559;Handling Unit
hu558;Handling Unit
hu557;Handling Unit
hu556;Handling Unit
td36;Transport Document
hu561;Handling Unit
hu560;Handling Unit
cr127;Container
td37;Transport Document
co42;Customer Order
hu565;Handling Unit
cr126;Container
cr102;Container
hu576;Handling Unit
cr89;Container
hu578;Handling Unit
hu572;Handling Unit
hu574;Handling Unit
cr86;Container
hu579;Handling Unit
hu568;Handling Unit
hu569;Handling Unit
hu566;Handling Unit
hu575;Handling Unit
hu570;Handling Unit
hu583;Handling Unit
co43;Customer Order
hu584;Handling Unit
td38;Transport Document
cr133;Container
hu587;Handling Unit
hu585;Handling Unit
hu573;Handling Unit
hu563;Handling Unit
hu580;Handling Unit
hu562;Handling Unit
hu571;Handling Unit
hu581;Handling Unit
hu582;Handling Unit
hu577;Handling Unit
hu564;Handling Unit
hu586;Handling Unit
hu567;Handling Unit
hu590;Handling Unit
hu588;Handling Unit
hu589;Handling Unit
cr130;Container
co44;Customer Order
td39;Transport Document
hu596;Handling Unit
hu599;Handling Unit
hu594;Handling Unit
hu593;Handling Unit
hu592;Handling Unit
cr116;Container
hu598;Handling Unit
cr112;Container
hu595;Handling Unit
hu601;Handling Unit
hu605;Handling Unit
hu607;Handling Unit
cr64;Container
hu606;Handling Unit
hu591;Handling Unit
hu604;Handling Unit
hu608;Handling Unit
co45;Customer Order
hu597;Handling Unit
hu602;Handling Unit
hu603;Handling Unit
hu600;Handling Unit
vh8;Vehicle
hu609;Handling Unit
hu611;Handling Unit
hu613;Handling Unit
cr115;Container
hu610;Handling Unit
hu612;Handling Unit
hu614;Handling Unit
hu616;Handling Unit
hu618;Handling Unit
cr128;Container
hu617;Handling Unit
hu619;Handling Unit
hu615;Handling Unit
hu620;Handling Unit
td40;Transport Document
co46;Customer Order
hu622;Handling Unit
cr88;Container
cr119;Container
hu648;Handling Unit
hu643;Handling Unit
cr125;Container
hu634;Handling Unit
hu629;Handling Unit
cr121;Container
cr139;Container
cr120;Container
hu646;Handling Unit
td41;Transport Document
hu636;Handling Unit
hu633;Handling Unit
hu630;Handling Unit
hu645;Handling Unit
hu621;Handling Unit
hu635;Handling Unit
hu626;Handling Unit
hu639;Handling Unit
hu641;Handling Unit
hu623;Handling Unit
hu642;Handling Unit
hu631;Handling Unit
hu638;Handling Unit
hu644;Handling Unit
hu637;Handling Unit
hu632;Handling Unit
hu625;Handling Unit
hu627;Handling Unit
hu640;Handling Unit
hu628;Handling Unit
hu624;Handling Unit
hu652;Handling Unit
hu654;Handling Unit
cr122;Container
hu649;Handling Unit
cr131;Container
cr132;Container
cr142;Container
co47;Customer Order
hu657;Handling Unit
hu662;Handling Unit
hu658;Handling Unit
hu647;Handling Unit
hu660;Handling Unit
hu668;Handling Unit
hu667;Handling Unit
hu661;Handling Unit
hu659;Handling Unit
hu664;Handling Unit
hu655;Handling Unit
hu650;Handling Unit
hu651;Handling Unit
hu666;Handling Unit
hu656;Handling Unit
hu678;Handling Unit
hu673;Handling Unit
td42;Transport Document
cr138;Container
hu683;Handling Unit
cr141;Container
hu671;Handling Unit
hu674;Handling Unit
hu679;Handling Unit
hu684;Handling Unit
hu672;Handling Unit
hu663;Handling Unit
hu685;Handling Unit
cr148;Container
hu675;Handling Unit
hu687;Handling Unit
co48;Customer Order
hu686;Handling Unit
hu680;Handling Unit
hu653;Handling Unit
hu688;Handling Unit
hu681;Handling Unit
hu677;Handling Unit
hu689;Handling Unit
hu665;Handling Unit
hu676;Handling Unit
td43;Transport Document
hu696;Handling Unit
hu691;Handling Unit
hu690;Handling Unit
hu682;Handling Unit
hu693;Handling Unit
hu695;Handling Unit
cr105;Container
hu697;Handling Unit
cr143;Container
hu669;Handling Unit
hu698;Handling Unit
hu699;Handling Unit
hu701;Handling Unit
hu700;Handling Unit
hu703;Handling Unit
hu702;Handling Unit
hu692;Handling Unit
hu670;Handling Unit
hu694;Handling Unit
hu704;Handling Unit
cr90;Container
cr137;Container
cr150;Container
vh9;Vehicle
hu705;Handling Unit
cr135;Container
hu721;Handling Unit
hu727;Handling Unit
cr151;Container
hu735;Handling Unit
hu710;Handling Unit
hu732;Handling Unit
cr149;Container
hu728;Handling Unit
hu722;Handling Unit
hu730;Handling Unit
hu725;Handling Unit
hu724;Handling Unit
hu717;Handling Unit
hu707;Handling Unit
hu726;Handling Unit
hu720;Handling Unit
hu731;Handling Unit
hu733;Handling Unit
hu734;Handling Unit
td44;Transport Document
hu716;Handling Unit
co49;Customer Order
cr147;Container
hu708;Handling Unit
hu714;Handling Unit
hu706;Handling Unit
hu723;Handling Unit
hu715;Handling Unit
hu719;Handling Unit
hu713;Handling Unit
hu711;Handling Unit
hu709;Handling Unit
hu718;Handling Unit
hu729;Handling Unit
hu712;Handling Unit
hu740;Handling Unit
hu736;Handling Unit
hu738;Handling Unit
hu737;Handling Unit
hu739;Handling Unit
cr93;Container
hu744;Handling Unit
hu745;Handling Unit
cr134;Container
hu743;Handling Unit
hu742;Handling Unit
hu741;Handling Unit
td45;Transport Document
hu747;Handling Unit
hu746;Handling Unit
td46;Transport Document
co50;Customer Order
hu752;Handling Unit
hu750;Handling Unit
hu749;Handling Unit
cr159;Container
cr145;Container
hu763;Handling Unit
cr92;Container
cr146;Container
hu769;Handling Unit
hu762;Handling Unit
hu753;Handling Unit
hu768;Handling Unit
hu751;Handling Unit
hu760;Handling Unit
hu758;Handling Unit
hu756;Handling Unit
hu755;Handling Unit
hu748;Handling Unit
hu765;Handling Unit
hu764;Handling Unit
hu759;Handling Unit
hu767;Handling Unit
hu757;Handling Unit
hu766;Handling Unit
hu754;Handling Unit
hu761;Handling Unit
hu770;Handling Unit
hu771;Handling Unit
hu775;Handling Unit
hu773;Handling Unit
hu774;Handling Unit
cr161;Container
hu772;Handling Unit
hu776;Handling Unit
hu777;Handling Unit
co51;Customer Order
hu781;Handling Unit
hu778;Handling Unit
cr136;Container
hu780;Handling Unit
hu779;Handling Unit
hu782;Handling Unit
hu783;Handling Unit
td47;Transport Document
co52;Customer Order
td48;Transport Document
co53;Customer Order
co54;Customer Order
hu788;Handling Unit
cr153;Container
hu790;Handling Unit
hu786;Handling Unit
hu784;Handling Unit
hu787;Handling Unit
cr154;Container
hu793;Handling Unit
hu789;Handling Unit
hu791;Handling Unit
hu785;Handling Unit
hu792;Handling Unit
hu799;Handling Unit
hu795;Handling Unit
hu798;Handling Unit
cr129;Container
hu797;Handling Unit
hu794;Handling Unit
hu796;Handling Unit
vh10;Vehicle
hu802;Handling Unit
hu801;Handling Unit
hu805;Handling Unit
cr140;Container
hu800;Handling Unit
hu803;Handling Unit
hu804;Handling Unit
td49;Transport Document
co55;Customer Order
hu808;Handling Unit
hu807;Handling Unit
cr144;Container
cr157;Container
hu818;Handling Unit
cr162;Container
cr117;Container
cr168;Container
cr167;Container
hu831;Handling Unit
hu835;Handling Unit
hu814;Handling Unit
hu834;Handling Unit
hu813;Handling Unit
hu827;Handling Unit
hu839;Handling Unit
hu829;Handling Unit
hu822;Handling Unit
td50;Transport Document
hu830;Handling Unit
hu820;Handling Unit
hu809;Handling Unit
co56;Customer Order
hu824;Handling Unit
td51;Transport Document
hu819;Handling Unit
hu837;Handling Unit
hu821;Handling Unit
hu836;Handling Unit
hu825;Handling Unit
hu828;Handling Unit
hu811;Handling Unit
hu826;Handling Unit
hu816;Handling Unit
hu841;Handling Unit
hu832;Handling Unit
hu840;Handling Unit
hu838;Handling Unit
td52;Transport Document
hu812;Handling Unit
hu815;Handling Unit
hu823;Handling Unit
hu806;Handling Unit
hu810;Handling Unit
hu843;Handling Unit
cr163;Container
cr152;Container
hu844;Handling Unit
co57;Customer Order
cr158;Container
hu847;Handling Unit
hu849;Handling Unit
hu848;Handling Unit
hu833;Handling Unit
cr173;Container
hu851;Handling Unit
hu817;Handling Unit
td53;Transport Document
hu845;Handling Unit
hu865;Handling Unit
hu855;Handling Unit
cr182;Container
cr171;Container
vh11;Vehicle
hu874;Handling Unit
hu862;Handling Unit
hu871;Handling Unit
hu873;Handling Unit
hu866;Handling Unit
hu867;Handling Unit
co58;Customer Order
hu859;Handling Unit
hu872;Handling Unit
td54;Transport Document
hu846;Handling Unit
hu861;Handling Unit
hu854;Handling Unit
hu870;Handling Unit
hu864;Handling Unit
hu858;Handling Unit
hu850;Handling Unit
hu853;Handling Unit
hu856;Handling Unit
hu852;Handling Unit
hu876;Handling Unit
hu842;Handling Unit
hu875;Handling Unit
hu860;Handling Unit
hu857;Handling Unit
hu869;Handling Unit
hu863;Handling Unit
hu868;Handling Unit
hu881;Handling Unit
hu882;Handling Unit
hu880;Handling Unit
hu878;Handling Unit
cr166;Container
cr185;Container
hu889;Handling Unit
hu895;Handling Unit
cr183;Container
cr170;Container
cr184;Container
td55;Transport Document
hu885;Handling Unit
hu877;Handling Unit
co59;Customer Order
hu892;Handling Unit
hu899;Handling Unit
cr178;Container
hu907;Handling Unit
hu888;Handling Unit
hu906;Handling Unit
hu901;Handling Unit
hu893;Handling Unit
hu905;Handling Unit
hu886;Handling Unit
hu897;Handling Unit
hu896;Handling Unit
hu894;Handling Unit
co60;Customer Order
hu908;Handling Unit
hu884;Handling Unit
hu902;Handling Unit
hu883;Handling Unit
hu879;Handling Unit
hu900;Handling Unit
hu898;Handling Unit
hu903;Handling Unit
hu887;Handling Unit
cr165;Container
hu911;Handling Unit
hu913;Handling Unit
hu904;Handling Unit
hu890;Handling Unit
hu910;Handling Unit
hu891;Handling Unit
hu912;Handling Unit
hu909;Handling Unit
td56;Transport Document
co61;Customer Order
hu916;Handling Unit
hu940;Handling Unit
cr193;Container
hu933;Handling Unit
cr194;Container
hu922;Handling Unit
hu934;Handling Unit
cr195;Container
cr175;Container
hu936;Handling Unit
cr181;Container
cr187;Container
hu917;Handling Unit
hu918;Handling Unit
hu929;Handling Unit
hu924;Handling Unit
hu932;Handling Unit
hu928;Handling Unit
hu931;Handling Unit
hu920;Handling Unit
hu923;Handling Unit
hu926;Handling Unit
td57;Transport Document
hu915;Handling Unit
hu927;Handling Unit
hu938;Handling Unit
hu921;Handling Unit
hu919;Handling Unit
td58;Transport Document
hu914;Handling Unit
co62;Customer Order
hu939;Handling Unit
td59;Transport Document
hu941;Handling Unit
hu930;Handling Unit
hu925;Handling Unit
hu935;Handling Unit
hu937;Handling Unit
hu944;Handling Unit
hu946;Handling Unit
hu945;Handling Unit
hu947;Handling Unit
cr196;Container
hu943;Handling Unit
hu942;Handling Unit
hu949;Handling Unit
hu948;Handling Unit
co63;Customer Order
cr169;Container
hu955;Handling Unit
cr192;Container
cr179;Container
hu967;Handling Unit
hu962;Handling Unit
cr180;Container
hu954;Handling Unit
hu950;Handling Unit
cr160;Container
hu956;Handling Unit
vh12;Vehicle
hu964;Handling Unit
hu969;Handling Unit
hu960;Handling Unit
hu952;Handling Unit
hu959;Handling Unit
hu965;Handling Unit
hu958;Handling Unit
hu957;Handling Unit
hu970;Handling Unit
hu951;Handling Unit
td60;Transport Document
hu968;Handling Unit
hu971;Handling Unit
hu961;Handling Unit
hu963;Handling Unit
hu953;Handling Unit
hu966;Handling Unit
co64;Customer Order
hu977;Handling Unit
hu972;Handling Unit
hu973;Handling Unit
cr155;Container
hu989;Handling Unit
cr190;Container
hu1001;Handling Unit
cr198;Container
cr186;Container
cr205;Container
cr156;Container
hu988;Handling Unit
hu997;Handling Unit
co65;Customer Order
hu991;Handling Unit
hu1002;Handling Unit
hu987;Handling Unit
hu975;Handling Unit
hu984;Handling Unit
hu982;Handling Unit
hu974;Handling Unit
hu978;Handling Unit
cr188;Container
hu1007;Handling Unit
hu994;Handling Unit
td61;Transport Document
hu980;Handling Unit
hu981;Handling Unit
hu1003;Handling Unit
hu999;Handling Unit
hu996;Handling Unit
hu986;Handling Unit
hu995;Handling Unit
hu983;Handling Unit
td62;Transport Document
hu1008;Handling Unit
hu993;Handling Unit
hu998;Handling Unit
hu976;Handling Unit
hu1006;Handling Unit
co66;Customer Order
hu1004;Handling Unit
td63;Transport Document
hu979;Handling Unit
hu1000;Handling Unit
hu990;Handling Unit
hu992;Handling Unit
hu985;Handling Unit
hu1005;Handling Unit
hu1009;Handling Unit
hu1010;Handling Unit
hu1018;Handling Unit
hu1013;Handling Unit
cr176;Container
cr172;Container
hu1026;Handling Unit
hu1021;Handling Unit
cr199;Container
hu1033;Handling Unit
hu1038;Handling Unit
cr174;Container
hu1028;Handling Unit
hu1019;Handling Unit
hu1023;Handling Unit
hu1030;Handling Unit
hu1017;Handling Unit
hu1035;Handling Unit
hu1027;Handling Unit
hu1024;Handling Unit
hu1037;Handling Unit
cr209;Container
co67;Customer Order
cr206;Container
hu1025;Handling Unit
hu1043;Handling Unit
vh13;Vehicle
td64;Transport Document
hu1016;Handling Unit
hu1042;Handling Unit
td65;Transport Document
hu1041;Handling Unit
hu1014;Handling Unit
hu1034;Handling Unit
hu1031;Handling Unit
hu1029;Handling Unit
hu1022;Handling Unit
hu1039;Handling Unit
hu1020;Handling Unit
hu1015;Handling Unit
hu1040;Handling Unit
hu1011;Handling Unit
hu1049;Handling Unit
hu1045;Handling Unit
hu1032;Handling Unit
cr223;Container
hu1051;Handling Unit
cr214;Container
hu1048;Handling Unit
cr197;Container
hu1055;Handling Unit
co68;Customer Order
hu1059;Handling Unit
hu1056;Handling Unit
cr210;Container
hu1061;Handling Unit
hu1058;Handling Unit
hu1063;Handling Unit
hu1047;Handling Unit
hu1054;Handling Unit
hu1052;Handling Unit
hu1062;Handling Unit
hu1036;Handling Unit
hu1044;Handling Unit
hu1012;Handling Unit
hu1053;Handling Unit
hu1060;Handling Unit
hu1050;Handling Unit
hu1046;Handling Unit
hu1070;Handling Unit
hu1066;Handling Unit
cr215;Container
hu1074;Handling Unit
cr222;Container
hu1082;Handling Unit
hu1080;Handling Unit
cr224;Container
cr226;Container
hu1081;Handling Unit
hu1072;Handling Unit
hu1065;Handling Unit
co69;Customer Order
hu1075;Handling Unit
hu1057;Handling Unit
hu1076;Handling Unit
hu1077;Handling Unit
hu1084;Handling Unit
hu1071;Handling Unit
hu1073;Handling Unit
hu1085;Handling Unit
td66;Transport Document
hu1079;Handling Unit
hu1068;Handling Unit
hu1083;Handling Unit
hu1088;Handling Unit
hu1086;Handling Unit
hu1067;Handling Unit
cr228;Container
hu1078;Handling Unit
hu1095;Handling Unit
hu1089;Handling Unit
hu1090;Handling Unit
cr227;Container
co70;Customer Order
hu1092;Handling Unit
hu1098;Handling Unit
hu1099;Handling Unit
cr202;Container
hu1069;Handling Unit
hu1094;Handling Unit
hu1100;Handling Unit
cr203;Container
td67;Transport Document
hu1102;Handling Unit
hu1109;Handling Unit
hu1097;Handling Unit
hu1104;Handling Unit
cr213;Container
hu1113;Handling Unit
co71;Customer Order
hu1103;Handling Unit
hu1096;Handling Unit
hu1110;Handling Unit
hu1107;Handling Unit
hu1108;Handling Unit
hu1115;Handling Unit
hu1064;Handling Unit
hu1114;Handling Unit
hu1101;Handling Unit
hu1111;Handling Unit
hu1093;Handling Unit
hu1087;Handling Unit
hu1106;Handling Unit
hu1105;Handling Unit
cr234;Container
hu1126;Handling Unit
hu1117;Handling Unit
hu1116;Handling Unit
hu1123;Handling Unit
hu1124;Handling Unit
hu1112;Handling Unit
hu1122;Handling Unit
hu1120;Handling Unit
hu1119;Handling Unit
hu1118;Handling Unit
hu1125;Handling Unit
hu1133;Handling Unit
hu1091;Handling Unit
hu1139;Handling Unit
hu1127;Handling Unit
cr220;Container
cr225;Container
hu1138;Handling Unit
td68;Transport Document
cr232;Container
cr221;Container
hu1142;Handling Unit
hu1121;Handling Unit
hu1129;Handling Unit
co72;Customer Order
hu1143;Handling Unit
hu1135;Handling Unit
hu1141;Handling Unit
cr207;Container
hu1130;Handling Unit
cr238;Container
hu1140;Handling Unit
hu1156;Handling Unit
hu1128;Handling Unit
hu1153;Handling Unit
hu1151;Handling Unit
hu1132;Handling Unit
hu1137;Handling Unit
hu1145;Handling Unit
hu1148;Handling Unit
hu1157;Handling Unit
cr177;Container
vh14;Vehicle
hu1159;Handling Unit
hu1161;Handling Unit
hu1152;Handling Unit
hu1162;Handling Unit
hu1158;Handling Unit
hu1160;Handling Unit
hu1146;Handling Unit
hu1154;Handling Unit
hu1149;Handling Unit
hu1150;Handling Unit
co73;Customer Order
hu1131;Handling Unit
hu1134;Handling Unit
hu1155;Handling Unit
hu1147;Handling Unit
hu1144;Handling Unit
hu1163;Handling Unit
hu1136;Handling Unit
hu1165;Handling Unit
hu1167;Handling Unit
hu1166;Handling Unit
hu1164;Handling Unit
hu1168;Handling Unit
cr229;Container
td69;Transport Document
hu1173;Handling Unit
hu1169;Handling Unit
hu1170;Handling Unit
hu1172;Handling Unit
cr164;Container
hu1171;Handling Unit
hu1174;Handling Unit
hu1179;Handling Unit
hu1180;Handling Unit
hu1175;Handling Unit
cr212;Container
hu1178;Handling Unit
hu1177;Handling Unit
hu1176;Handling Unit
hu1181;Handling Unit
hu1182;Handling Unit
cr241;Container
hu1185;Handling Unit
hu1186;Handling Unit
hu1184;Handling Unit
hu1190;Handling Unit
hu1193;Handling Unit
cr189;Container
hu1200;Handling Unit
hu1189;Handling Unit
hu1197;Handling Unit
hu1183;Handling Unit
cr211;Container
cr208;Container
hu1194;Handling Unit
hu1198;Handling Unit
hu1199;Handling Unit
hu1201;Handling Unit
hu1192;Handling Unit
hu1205;Handling Unit
hu1203;Handling Unit
td70;Transport Document
hu1191;Handling Unit
co74;Customer Order
hu1206;Handling Unit
hu1195;Handling Unit
cr218;Container
hu1207;Handling Unit
hu1213;Handling Unit
hu1188;Handling Unit
cr201;Container
hu1187;Handling Unit
cr233;Container
hu1210;Handling Unit
hu1211;Handling Unit
hu1204;Handling Unit
hu1214;Handling Unit
hu1209;Handling Unit
hu1219;Handling Unit
hu1216;Handling Unit
cr242;Container
cr191;Container
hu1224;Handling Unit
hu1223;Handling Unit
cr230;Container
hu1229;Handling Unit
hu1227;Handling Unit
co75;Customer Order
hu1196;Handling Unit
hu1217;Handling Unit
td71;Transport Document
hu1221;Handling Unit
hu1232;Handling Unit
hu1237;Handling Unit
hu1235;Handling Unit
cr235;Container
hu1238;Handling Unit
hu1208;Handling Unit
hu1233;Handling Unit
hu1220;Handling Unit
hu1228;Handling Unit
hu1212;Handling Unit
hu1222;Handling Unit
hu1236;Handling Unit
hu1225;Handling Unit
hu1202;Handling Unit
hu1230;Handling Unit
hu1234;Handling Unit
hu1218;Handling Unit
hu1239;Handling Unit
cr217;Container
hu1226;Handling Unit
hu1243;Handling Unit
cr243;Container
hu1241;Handling Unit
hu1247;Handling Unit
hu1253;Handling Unit
cr236;Container
hu1231;Handling Unit
co76;Customer Order
hu1254;Handling Unit
vh15;Vehicle
hu1245;Handling Unit
hu1249;Handling Unit
hu1256;Handling Unit
hu1244;Handling Unit
hu1250;Handling Unit
hu1260;Handling Unit
cr231;Container
hu1215;Handling Unit
hu1252;Handling Unit
hu1261;Handling Unit
td72;Transport Document
hu1246;Handling Unit
hu1248;Handling Unit
hu1240;Handling Unit
hu1266;Handling Unit
cr237;Container
hu1267;Handling Unit
hu1262;Handling Unit
hu1258;Handling Unit
hu1263;Handling Unit
hu1264;Handling Unit
hu1259;Handling Unit
hu1251;Handling Unit
hu1242;Handling Unit
hu1257;Handling Unit
hu1255;Handling Unit
hu1265;Handling Unit
hu1273;Handling Unit
co77;Customer Order
hu1286;Handling Unit
cr249;Container
cr248;Container
cr247;Container
hu1275;Handling Unit
hu1279;Handling Unit
hu1285;Handling Unit
cr253;Container
hu1281;Handling Unit
hu1274;Handling Unit
cr239;Container
hu1284;Handling Unit
hu1290;Handling Unit
hu1287;Handling Unit
hu1282;Handling Unit
hu1280;Handling Unit
hu1276;Handling Unit
hu1277;Handling Unit
hu1289;Handling Unit
hu1272;Handling Unit
hu1288;Handling Unit
hu1283;Handling Unit
hu1278;Handling Unit
hu1269;Handling Unit
hu1268;Handling Unit
hu1271;Handling Unit
hu1270;Handling Unit
co78;Customer Order
co79;Customer Order
hu1295;Handling Unit
hu1310;Handling Unit
hu1314;Handling Unit
hu1291;Handling Unit
hu1307;Handling Unit
cr216;Container
cr244;Container
hu1311;Handling Unit
cr200;Container
cr252;Container
hu1302;Handling Unit
hu1292;Handling Unit
hu1303;Handling Unit
hu1296;Handling Unit
hu1312;Handling Unit
hu1304;Handling Unit
hu1298;Handling Unit
hu1305;Handling Unit
hu1299;Handling Unit
hu1301;Handling Unit
hu1300;Handling Unit
hu1306;Handling Unit
td73;Transport Document
hu1308;Handling Unit
hu1294;Handling Unit
hu1297;Handling Unit
hu1313;Handling Unit
hu1293;Handling Unit
hu1309;Handling Unit
co80;Customer Order
hu1320;Handling Unit
hu1319;Handling Unit
hu1317;Handling Unit
cr255;Container
hu1316;Handling Unit
hu1315;Handling Unit
hu1318;Handling Unit
td74;Transport Document
td75;Transport Document
co81;Customer Order
hu1324;Handling Unit
hu1323;Handling Unit
cr250;Container
hu1325;Handling Unit
hu1321;Handling Unit
hu1322;Handling Unit
hu1330;Handling Unit
hu1329;Handling Unit
hu1328;Handling Unit
hu1327;Handling Unit
hu1326;Handling Unit
hu1332;Handling Unit
hu1331;Handling Unit
cr204;Container
vh16;Vehicle
co82;Customer Order
td76;Transport Document
hu1333;Handling Unit
hu1335;Handling Unit
hu1336;Handling Unit
hu1338;Handling Unit
hu1334;Handling Unit
hu1337;Handling Unit
cr258;Container
hu1341;Handling Unit
hu1342;Handling Unit
hu1343;Handling Unit
cr245;Container
hu1339;Handling Unit
hu1357;Handling Unit
cr262;Container
hu1358;Handling Unit
cr254;Container
cr261;Container
hu1348;Handling Unit
hu1354;Handling Unit
cr251;Container
cr257;Container
hu1349;Handling Unit
hu1356;Handling Unit
hu1347;Handling Unit
hu1352;Handling Unit
co83;Customer Order
hu1359;Handling Unit
hu1344;Handling Unit
hu1355;Handling Unit
hu1353;Handling Unit
hu1346;Handling Unit
hu1340;Handling Unit
hu1350;Handling Unit
hu1351;Handling Unit
hu1345;Handling Unit
hu1362;Handling Unit
hu1363;Handling Unit
cr240;Container
hu1365;Handling Unit
hu1360;Handling Unit
hu1369;Handling Unit
hu1367;Handling Unit
hu1368;Handling Unit
cr263;Container
hu1375;Handling Unit
cr219;Container
hu1366;Handling Unit
td77;Transport Document
cr264;Container
cr266;Container
hu1370;Handling Unit
hu1364;Handling Unit
hu1361;Handling Unit
hu1381;Handling Unit
hu1378;Handling Unit
hu1384;Handling Unit
hu1374;Handling Unit
hu1383;Handling Unit
hu1371;Handling Unit
hu1389;Handling Unit
cr267;Container
co84;Customer Order
td78;Transport Document
hu1376;Handling Unit
hu1393;Handling Unit
hu1392;Handling Unit
hu1394;Handling Unit
hu1388;Handling Unit
hu1382;Handling Unit
hu1387;Handling Unit
hu1379;Handling Unit
hu1386;Handling Unit
hu1390;Handling Unit
hu1372;Handling Unit
hu1373;Handling Unit
hu1391;Handling Unit
hu1385;Handling Unit
hu1380;Handling Unit
hu1395;Handling Unit
hu1377;Handling Unit
td79;Transport Document
hu1397;Handling Unit
hu1396;Handling Unit
cr265;Container
hu1400;Handling Unit
hu1399;Handling Unit
hu1401;Handling Unit
co85;Customer Order
hu1398;Handling Unit
td80;Transport Document
hu1402;Handling Unit
vh17;Vehicle
cr273;Container
hu1406;Handling Unit
hu1412;Handling Unit
hu1403;Handling Unit
cr276;Container
hu1407;Handling Unit
hu1410;Handling Unit
hu1409;Handling Unit
hu1405;Handling Unit
hu1411;Handling Unit
hu1404;Handling Unit
hu1408;Handling Unit
hu1413;Handling Unit
hu1415;Handling Unit
cr269;Container
hu1414;Handling Unit
hu1416;Handling Unit
co86;Customer Order
hu1417;Handling Unit
hu1422;Handling Unit
hu1421;Handling Unit
cr272;Container
hu1420;Handling Unit
hu1418;Handling Unit
hu1419;Handling Unit
cr259;Container
hu1424;Handling Unit
hu1423;Handling Unit
hu1425;Handling Unit
hu1426;Handling Unit
cr246;Container
hu1430;Handling Unit
co87;Customer Order
hu1431;Handling Unit
hu1427;Handling Unit
hu1428;Handling Unit
hu1429;Handling Unit
td81;Transport Document
td82;Transport Document
co88;Customer Order
hu1433;Handling Unit
td83;Transport Document
hu1439;Handling Unit
cr280;Container
hu1437;Handling Unit
cr282;Container
hu1438;Handling Unit
hu1432;Handling Unit
hu1436;Handling Unit
hu1435;Handling Unit
hu1434;Handling Unit
td84;Transport Document
hu1441;Handling Unit
hu1440;Handling Unit
hu1444;Handling Unit
cr283;Container
hu1447;Handling Unit
hu1443;Handling Unit
cr288;Container
co89;Customer Order
hu1453;Handling Unit
hu1448;Handling Unit
hu1442;Handling Unit
hu1451;Handling Unit
hu1452;Handling Unit
hu1445;Handling Unit
hu1449;Handling Unit
hu1446;Handling Unit
hu1450;Handling Unit
td85;Transport Document
co90;Customer Order
hu1456;Handling Unit
hu1458;Handling Unit
cr270;Container
hu1459;Handling Unit
hu1460;Handling Unit
cr292;Container
hu1457;Handling Unit
hu1462;Handling Unit
hu1455;Handling Unit
hu1454;Handling Unit
hu1464;Handling Unit
hu1461;Handling Unit
hu1470;Handling Unit
co91;Customer Order
cr271;Container
hu1469;Handling Unit
hu1468;Handling Unit
vh18;Vehicle
hu1467;Handling Unit
hu1466;Handling Unit
hu1463;Handling Unit
hu1465;Handling Unit
hu1473;Handling Unit
hu1472;Handling Unit
hu1471;Handling Unit
cr296;Container
hu1475;Handling Unit
hu1477;Handling Unit
cr256;Container
hu1476;Handling Unit
hu1479;Handling Unit
hu1474;Handling Unit
hu1478;Handling Unit
td86;Transport Document
co92;Customer Order
hu1484;Handling Unit
cr260;Container
cr286;Container
hu1488;Handling Unit
td87;Transport Document
cr285;Container
hu1499;Handling Unit
cr275;Container
hu1506;Handling Unit
cr277;Container
cr268;Container
hu1508;Handling Unit
hu1490;Handling Unit
hu1482;Handling Unit
hu1492;Handling Unit
hu1510;Handling Unit
hu1512;Handling Unit
hu1504;Handling Unit
hu1507;Handling Unit
hu1494;Handling Unit
hu1485;Handling Unit
hu1495;Handling Unit
hu1502;Handling Unit
hu1500;Handling Unit
hu1505;Handling Unit
td88;Transport Document
hu1511;Handling Unit
co93;Customer Order
hu1498;Handling Unit
hu1501;Handling Unit
hu1481;Handling Unit
hu1493;Handling Unit
hu1509;Handling Unit
hu1497;Handling Unit
hu1503;Handling Unit
hu1483;Handling Unit
hu1480;Handling Unit
hu1487;Handling Unit
cr274;Container
hu1516;Handling Unit
hu1515;Handling Unit
hu1489;Handling Unit
hu1517;Handling Unit
hu1513;Handling Unit
hu1486;Handling Unit
hu1491;Handling Unit
hu1496;Handling Unit
hu1518;Handling Unit
hu1514;Handling Unit
hu1519;Handling Unit
cr301;Container
hu1521;Handling Unit
hu1522;Handling Unit
cr302;Container
hu1527;Handling Unit
co94;Customer Order
cr287;Container
hu1529;Handling Unit
hu1548;Handling Unit
cr304;Container
cr278;Container
cr294;Container
hu1520;Handling Unit
hu1533;Handling Unit
hu1549;Handling Unit
td89;Transport Document
hu1530;Handling Unit
hu1523;Handling Unit
hu1538;Handling Unit
vh19;Vehicle
td90;Transport Document
hu1542;Handling Unit
co95;Customer Order
hu1545;Handling Unit
hu1531;Handling Unit
hu1526;Handling Unit
hu1537;Handling Unit
hu1540;Handling Unit
hu1534;Handling Unit
hu1539;Handling Unit
cr279;Container
hu1546;Handling Unit
hu1544;Handling Unit
hu1536;Handling Unit
hu1525;Handling Unit
hu1547;Handling Unit
hu1528;Handling Unit
co96;Customer Order
hu1554;Handling Unit
hu1541;Handling Unit
hu1551;Handling Unit
hu1524;Handling Unit
cr281;Container
hu1552;Handling Unit
hu1556;Handling Unit
hu1532;Handling Unit
hu1559;Handling Unit
hu1550;Handling Unit
hu1535;Handling Unit
hu1557;Handling Unit
hu1561;Handling Unit
hu1564;Handling Unit
hu1563;Handling Unit
cr307;Container
hu1558;Handling Unit
cr284;Container
hu1568;Handling Unit
td91;Transport Document
cr306;Container
hu1567;Handling Unit
hu1569;Handling Unit
hu1577;Handling Unit
co97;Customer Order
hu1573;Handling Unit
hu1575;Handling Unit
hu1570;Handling Unit
hu1572;Handling Unit
hu1576;Handling Unit
hu1560;Handling Unit
hu1574;Handling Unit
hu1555;Handling Unit
hu1553;Handling Unit
hu1566;Handling Unit
hu1562;Handling Unit
cr309;Container
hu1571;Handling Unit
hu1580;Handling Unit
hu1584;Handling Unit
hu1578;Handling Unit
hu1579;Handling Unit
hu1585;Handling Unit
hu1581;Handling Unit
hu1583;Handling Unit
hu1582;Handling Unit
hu1591;Handling Unit
hu1587;Handling Unit
cr310;Container
td92;Transport Document
hu1565;Handling Unit
hu1592;Handling Unit
hu1590;Handling Unit
hu1597;Handling Unit
cr291;Container
cr290;Container
co98;Customer Order
hu1596;Handling Unit
hu1588;Handling Unit
hu1589;Handling Unit
hu1586;Handling Unit
hu1595;Handling Unit
hu1593;Handling Unit
hu1594;Handling Unit
hu1600;Handling Unit
hu1601;Handling Unit
hu1543;Handling Unit
hu1598;Handling Unit
hu1599;Handling Unit
cr293;Container
td93;Transport Document
co99;Customer Order
hu1602;Handling Unit
hu1603;Handling Unit
co100;Customer Order
hu1604;Handling Unit
hu1608;Handling Unit
cr298;Container
cr305;Container
hu1609;Handling Unit
hu1607;Handling Unit
hu1605;Handling Unit
hu1606;Handling Unit
hu1611;Handling Unit
hu1610;Handling Unit
vh20;Vehicle
cr300;Container
hu1617;Handling Unit
hu1613;Handling Unit
hu1612;Handling Unit
td94;Transport Document
cr308;Container
hu1614;Handling Unit
hu1615;Handling Unit
hu1616;Handling Unit
hu1620;Handling Unit
cr311;Container
hu1623;Handling Unit
hu1618;Handling Unit
hu1622;Handling Unit
hu1619;Handling Unit
hu1621;Handling Unit
hu1625;Handling Unit
cr317;Container
cr313;Container
hu1635;Handling Unit
hu1639;Handling Unit
cr319;Container
cr295;Container
hu1641;Handling Unit
hu1637;Handling Unit
hu1638;Handling Unit
hu1626;Handling Unit
hu1627;Handling Unit
cr315;Container
hu1624;Handling Unit
hu1647;Handling Unit
hu1633;Handling Unit
hu1655;Handling Unit
hu1630;Handling Unit
hu1640;Handling Unit
hu1643;Handling Unit
hu1644;Handling Unit
cr314;Container
hu1631;Handling Unit
hu1629;Handling Unit
hu1656;Handling Unit
hu1649;Handling Unit
hu1634;Handling Unit
td95;Transport Document
hu1648;Handling Unit
hu1652;Handling Unit
hu1653;Handling Unit
hu1650;Handling Unit
hu1646;Handling Unit
hu1636;Handling Unit
hu1651;Handling Unit
hu1632;Handling Unit
hu1628;Handling Unit
hu1654;Handling Unit
hu1645;Handling Unit
hu1660;Handling Unit
hu1659;Handling Unit
hu1657;Handling Unit
hu1658;Handling Unit
cr324;Container
hu1671;Handling Unit
hu1662;Handling Unit
cr316;Container
hu1666;Handling Unit
hu1673;Handling Unit
hu1674;Handling Unit
hu1642;Handling Unit
hu1663;Handling Unit
hu1668;Handling Unit
cr289;Container
td96;Transport Document
hu1667;Handling Unit
cr328;Container
cr329;Container
hu1681;Handling Unit
vh21;Vehicle
hu1687;Handling Unit
hu1670;Handling Unit
cr303;Container
hu1661;Handling Unit
hu1686;Handling Unit
hu1679;Handling Unit
hu1672;Handling Unit
hu1685;Handling Unit
hu1684;Handling Unit
hu1690;Handling Unit
hu1680;Handling Unit
hu1665;Handling Unit
hu1688;Handling Unit
hu1664;Handling Unit
hu1676;Handling Unit
hu1682;Handling Unit
hu1675;Handling Unit
cr323;Container
hu1669;Handling Unit
cr322;Container
hu1691;Handling Unit
hu1692;Handling Unit
hu1697;Handling Unit
hu1698;Handling Unit
hu1677;Handling Unit
hu1693;Handling Unit
cr325;Container
cr321;Container
hu1696;Handling Unit
hu1683;Handling Unit
hu1706;Handling Unit
hu1699;Handling Unit
hu1701;Handling Unit
hu1705;Handling Unit
hu1694;Handling Unit
hu1689;Handling Unit
hu1702;Handling Unit
hu1709;Handling Unit
hu1707;Handling Unit
hu1710;Handling Unit
hu1703;Handling Unit
cr318;Container
hu1712;Handling Unit
hu1716;Handling Unit
cr327;Container
hu1708;Handling Unit
hu1714;Handling Unit
hu1717;Handling Unit
hu1678;Handling Unit
hu1700;Handling Unit
hu1704;Handling Unit
hu1713;Handling Unit
hu1711;Handling Unit
hu1715;Handling Unit
td97;Transport Document
hu1695;Handling Unit
cr312;Container
hu1718;Handling Unit
hu1723;Handling Unit
cr326;Container
hu1731;Handling Unit
hu1734;Handling Unit
hu1729;Handling Unit
hu1726;Handling Unit
hu1725;Handling Unit
hu1730;Handling Unit
hu1719;Handling Unit
cr331;Container
cr320;Container
hu1741;Handling Unit
hu1740;Handling Unit
td98;Transport Document
cr299;Container
hu1720;Handling Unit
hu1743;Handling Unit
hu1738;Handling Unit
hu1727;Handling Unit
hu1746;Handling Unit
hu1736;Handling Unit
hu1735;Handling Unit
hu1722;Handling Unit
hu1753;Handling Unit
hu1721;Handling Unit
hu1750;Handling Unit
cr336;Container
hu1754;Handling Unit
hu1752;Handling Unit
hu1739;Handling Unit
hu1737;Handling Unit
hu1732;Handling Unit
hu1724;Handling Unit
hu1749;Handling Unit
hu1751;Handling Unit
hu1733;Handling Unit
hu1728;Handling Unit
hu1748;Handling Unit
hu1747;Handling Unit
hu1744;Handling Unit
hu1742;Handling Unit
hu1745;Handling Unit
hu1759;Handling Unit
hu1755;Handling Unit
hu1758;Handling Unit
cr337;Container
hu1760;Handling Unit
hu1756;Handling Unit
hu1757;Handling Unit
hu1766;Handling Unit
td99;Transport Document
hu1764;Handling Unit
hu1763;Handling Unit
hu1762;Handling Unit
cr339;Container
hu1765;Handling Unit
vh22;Vehicle
hu1761;Handling Unit
hu1770;Handling Unit
cr341;Container
hu1795;Handling Unit
cr333;Container
cr335;Container
hu1785;Handling Unit
cr338;Container
cr340;Container
cr297;Container
hu1791;Handling Unit
hu1783;Handling Unit
hu1789;Handling Unit
hu1779;Handling Unit
hu1778;Handling Unit
hu1781;Handling Unit
hu1793;Handling Unit
hu1786;Handling Unit
hu1780;Handling Unit
hu1792;Handling Unit
hu1771;Handling Unit
hu1769;Handling Unit
hu1777;Handling Unit
hu1773;Handling Unit
hu1787;Handling Unit
hu1784;Handling Unit
hu1767;Handling Unit
hu1774;Handling Unit
hu1788;Handling Unit
hu1801;Handling Unit
cr334;Container
hu1797;Handling Unit
hu1796;Handling Unit
hu1775;Handling Unit
hu1799;Handling Unit
hu1800;Handling Unit
hu1768;Handling Unit
hu1776;Handling Unit
hu1790;Handling Unit
hu1794;Handling Unit
hu1798;Handling Unit
hu1782;Handling Unit
cr342;Container
hu1806;Handling Unit
hu1804;Handling Unit
hu1805;Handling Unit
hu1803;Handling Unit
hu1802;Handling Unit
hu1807;Handling Unit
hu1772;Handling Unit
vh23;Vehicle
hu1809;Handling Unit
hu1811;Handling Unit
hu1808;Handling Unit
hu1810;Handling Unit
cr330;Container
td100;Transport Document
hu1816;Handling Unit
hu1815;Handling Unit
cr344;Container
hu1812;Handling Unit
hu1814;Handling Unit
hu1813;Handling Unit
hu1822;Handling Unit
hu1819;Handling Unit
cr343;Container
hu1818;Handling Unit
hu1817;Handling Unit
hu1820;Handling Unit
hu1821;Handling Unit
vh24;Vehicle
vh25;Vehicle
hu1825;Handling Unit
hu1824;Handling Unit
cr332;Container
hu1826;Handling Unit
hu1828;Handling Unit
hu1823;Handling Unit
hu1827;Handling Unit
vh27;Vehicle
vh28;Vehicle
